,Run Name,SET ≤ 12.2°C Hours (F),Hours < 2°C [hr],Total Deadly Days,Min outdoor DB [°C],Min outdoor DP [°C],Max outdoor DB [°C],Max outdoor DP [°C],"Caution (> 26.7, ≤ 32.2°C) [hr]","Extreme Caution (> 32.2, ≤ 39.4°C) [hr]","Danger (> 39.4, ≤ 51.7°C) [hr]",Extreme Danger (> 51.7°C) [hr],EUI,Peak Electric Demand [W],Heating Battery Size [kWh],Cooling Battery Size [kWh],Total ADORB Cost [$],First Year Electric Cost [$],First Year Gas Cost [$],First Cost [$],Wall Cost [$],Roof Cost [$],Floor Cost [$],Window Cost [$],Door Cost [$],Air Sealing Cost [$],Mechanical Cost [$],Water Heater Cost [$],Appliances Cost [$],PV Cost [$],Battery Cost [$],pv_dirEn_tot,pv_dirMR_tot,pv_opCO2_tot,pv_emCO2_tot,pv_eTrans_tot
0,ChicagoIL_BASE_NV,997.99,118.08,2,-25.0,-32.075,39.625,24.25,66.5,57.0,0.0,0.0,50.85,4496.86,5.954346272395319,3.993913808833019,148027.18771951305,703.2995182885327,1613.9527741179481,0,0,0,0,0,0,0,0,0,0,0,0,86893.76152089139,11922.033456269695,35294.23101337478,4475.250000000001,9441.911728977153
1,ChicagoIL_Base Elec_NV,996.52,118.08,2,-25.0,-32.075,39.625,24.25,66.5,57.0,0.0,0.0,38.99,19938.21,5.954346272395319,3.993913808833019,214960.06566164372,2543.372897239006,0.0,40631.54,3105.75,557.42,222.97,3344.51,487.74,0,9500.0,1000.0,4474.0,15000.0,2381.74,95372.97199601497,51756.8765935246,14360.516111642486,11606.085270000001,41863.615690461695
2,ChicagoIL_DOE Envelope_NV,541.82,49.3,2,-25.0,-32.075,39.625,24.25,66.0,57.75,0.0,0.0,27.61,13088.85,5.126827138512698,3.4154730929288224,171397.63722584047,1746.2970638761349,0.0,46032.91,4473.5,2400.24,222.97,4680.31,487.74,1064.0,9500.0,1000.0,4596.0,15000.0,2050.73,65483.72877236444,57052.337377838325,8825.309692003557,12554.025705000002,27482.235678634122
3,ChicagoIL_IECC_Elec_NV,372.35,21.78,2,-25.0,-32.075,39.625,24.25,72.5,49.5,0.0,0.0,25.06,11934.58,5.126827138512698,3.4154730929288224,166247.97998127452,1571.1367145327663,0.0,50450.13,4930.83,2400.24,222.97,8640.21,487.74,1064.0,9500.0,1000.0,4596.0,15000.0,2050.73,58915.45751694912,61382.94522097558,7561.677194921173,13329.247815,25058.652233428693
4,ChicagoIL_IECC+0.04_Elec_NV,2.88,0.0,3,-25.0,-32.075,39.625,24.25,54.75,59.25,6.5,0.0,16.96,5649.65,5.126827138512698,3.4154730929288224,132387.39149101556,1014.9477880541713,0.0,54110.29,4930.83,2400.24,222.97,8640.21,487.74,4724.16,9500.0,1000.0,4596.0,15000.0,2050.73,38059.14070743967,64971.337377838325,3522.919844762669,13971.605895,11862.387665974873
5,ChicagoIL_Phius Precriptive_NV,0.0,0.0,3,-25.0,-32.075,39.625,24.25,59.25,60.75,0.0,0.0,13.82,3682.4,5.126827138512698,3.4154730929288224,131174.7589641288,806.6481571165867,0.0,64882.04,8303.62,4392.46,222.97,14046.94,487.74,4724.16,9500.0,1000.0,4596.0,15000.0,2050.73,30248.192147849175,75531.8765935246,1800.825835159485,15862.048020000002,7731.816367595495
6,ChicagoIL_BASE_SchNV,997.99,118.08,2,-25.0,-32.075,39.625,24.25,66.5,57.0,0.0,0.0,50.85,4496.86,5.954346272395319,3.993913808833019,148027.18771951305,703.2995182885327,1613.9527741179481,0,0,0,0,0,0,0,0,0,0,0,0,86893.76152089139,11922.033456269695,35294.23101337478,4475.250000000001,9441.911728977153
7,ChicagoIL_Base Elec_SchNV,996.52,118.08,2,-25.0,-32.075,39.625,24.25,66.5,57.0,0.0,0.0,38.99,19938.21,5.954346272395319,3.993913808833019,214960.06566164372,2543.372897239006,0.0,40631.54,3105.75,557.42,222.97,3344.51,487.74,0,9500.0,1000.0,4474.0,15000.0,2381.74,95372.97199601497,51756.8765935246,14360.516111642486,11606.085270000001,41863.615690461695
8,ChicagoIL_DOE Envelope_SchNV,541.82,49.3,2,-25.0,-32.075,39.625,24.25,66.0,57.75,0.0,0.0,27.66,13096.12,5.126827138512698,3.4154730929288224,171535.7380622607,1749.5728178771294,0.0,46032.91,4473.5,2400.24,222.97,4680.31,487.74,1064.0,9500.0,1000.0,4596.0,15000.0,2050.73,65606.56502454824,57052.337377838325,8825.309692003557,12554.025705000002,27497.5002628706
9,ChicagoIL_IECC_Elec_SchNV,372.35,21.78,2,-25.0,-32.075,39.625,24.25,72.5,49.5,0.0,0.0,25.06,11934.58,5.126827138512698,3.4154730929288224,166247.97998127452,1571.1367145327663,0.0,50450.13,4930.83,2400.24,222.97,8640.21,487.74,1064.0,9500.0,1000.0,4596.0,15000.0,2050.73,58915.45751694912,61382.94522097558,7561.677194921173,13329.247815,25058.652233428693
10,ChicagoIL_IECC+0.04_Elec_SchNV,2.88,0.0,3,-25.0,-32.075,39.625,24.25,54.75,59.25,6.5,0.0,16.96,5649.65,5.126827138512698,3.4154730929288224,132387.39149101556,1014.9477880541713,0.0,54110.29,4930.83,2400.24,222.97,8640.21,487.74,4724.16,9500.0,1000.0,4596.0,15000.0,2050.73,38059.14070743967,64971.337377838325,3522.919844762669,13971.605895,11862.387665974873
11,ChicagoIL_Phius Precriptive_SchNV,0.0,0.0,3,-25.0,-32.075,39.625,24.25,59.25,60.75,0.0,0.0,13.82,3682.4,5.126827138512698,3.4154730929288224,131174.7589641288,806.6481571165867,0.0,64882.04,8303.62,4392.46,222.97,14046.94,487.74,4724.16,9500.0,1000.0,4596.0,15000.0,2050.73,30248.192147849175,75531.8765935246,1800.825835159485,15862.048020000002,7731.816367595495
12,ChicagoIL_BASE_SchNV+ Shd,997.99,118.08,2,-25.0,-32.075,39.625,24.25,66.5,57.0,0.0,0.0,50.85,4496.86,5.954346272395319,3.993913808833019,148027.18771951305,703.2995182885327,1613.9527741179481,0,0,0,0,0,0,0,0,0,0,0,0,86893.76152089139,11922.033456269695,35294.23101337478,4475.250000000001,9441.911728977153
13,ChicagoIL_Base Elec_SchNV+ Shd,996.52,118.08,2,-25.0,-32.075,39.625,24.25,66.5,57.0,0.0,0.0,38.99,19938.21,5.954346272395319,3.993913808833019,214960.06566164372,2543.372897239006,0.0,40631.54,3105.75,557.42,222.97,3344.51,487.74,0,9500.0,1000.0,4474.0,15000.0,2381.74,95372.97199601497,51756.8765935246,14360.516111642486,11606.085270000001,41863.615690461695
14,ChicagoIL_DOE Envelope_SchNV+ Shd,541.82,49.3,2,-25.0,-32.075,39.625,24.25,66.0,57.75,0.0,0.0,27.61,13088.85,5.126827138512698,3.4154730929288224,171397.63722584047,1746.2970638761349,0.0,46032.91,4473.5,2400.24,222.97,4680.31,487.74,1064.0,9500.0,1000.0,4596.0,15000.0,2050.73,65483.72877236444,57052.337377838325,8825.309692003557,12554.025705000002,27482.235678634122
15,ChicagoIL_IECC_Elec_SchNV+ Shd,372.35,21.78,2,-25.0,-32.075,39.625,24.25,72.5,49.5,0.0,0.0,25.06,11934.58,5.126827138512698,3.4154730929288224,166247.97998127452,1571.1367145327663,0.0,50450.13,4930.83,2400.24,222.97,8640.21,487.74,1064.0,9500.0,1000.0,4596.0,15000.0,2050.73,58915.45751694912,61382.94522097558,7561.677194921173,13329.247815,25058.652233428693
16,ChicagoIL_IECC+0.04_Elec_SchNV+ Shd,2.88,0.0,3,-25.0,-32.075,39.625,24.25,54.75,59.25,6.5,0.0,16.96,5649.65,5.126827138512698,3.4154730929288224,132387.39149101556,1014.9477880541713,0.0,54110.29,4930.83,2400.24,222.97,8640.21,487.74,4724.16,9500.0,1000.0,4596.0,15000.0,2050.73,38059.14070743967,64971.337377838325,3522.919844762669,13971.605895,11862.387665974873
17,ChicagoIL_Phius Precriptive_SchNV+ Shd,0.0,0.0,3,-25.0,-32.075,39.625,24.25,59.25,60.75,0.0,0.0,13.82,3682.4,5.126827138512698,3.4154730929288224,131174.7589641288,806.6481571165867,0.0,64882.04,8303.62,4392.46,222.97,14046.94,487.74,4724.16,9500.0,1000.0,4596.0,15000.0,2050.73,30248.192147849175,75531.8765935246,1800.825835159485,15862.048020000002,7731.816367595495
18,ChicagoIL_BASE_DC,998.18,118.08,0,-25.0,-32.075,39.625,24.25,143.0,0.0,0.0,0.0,50.85,4496.86,5.954346272395319,42.07654240003549,148051.43033655934,703.2995182885327,1613.9527741179481,0,0,0,0,0,0,0,0,0,0,0,0,86893.76152089139,11922.033456269695,35318.473630421046,4475.250000000001,9441.911728977153
19,ChicagoIL_Base Elec_DC,996.7,118.08,0,-25.0,-32.075,39.625,24.25,143.0,0.0,0.0,0.0,38.99,19938.21,5.954346272395319,41.89287201934879,231602.58306483677,2543.372897239006,0.0,55006.95,3105.75,557.42,222.97,3344.51,487.74,0,9500.0,1000.0,4474.0,15000.0,16757.15,95372.97199601497,65850.41580921087,14386.609844149123,14128.969724999999,41863.615690461695
20,ChicagoIL_DOE Envelope_DC,542.0,49.3,0,-25.0,-32.075,39.625,24.25,158.5,0.0,0.0,0.0,27.61,13088.85,5.126827138512698,32.310625605744505,183989.49790332216,1746.2970638761349,0.0,56906.42,4473.5,2400.24,222.97,4680.31,487.74,1064.0,9500.0,1000.0,4596.0,15000.0,12924.25,65483.72877236444,67712.64129940694,8848.565442916597,14462.32671,27482.235678634122
21,ChicagoIL_IECC_Elec_DC,372.47,21.78,0,-25.0,-32.075,39.625,24.25,156.75,0.0,0.0,0.0,25.06,11934.58,5.126827138512698,25.79762904281598,175823.40548916705,1571.1367145327663,0.0,58718.45,4930.83,2400.24,222.97,8640.21,487.74,1064.0,9500.0,1000.0,4596.0,15000.0,10319.05,58915.45751694912,69489.14129940694,7579.816464382299,14780.337975000002,25058.652233428693
22,ChicagoIL_IECC+0.04_Elec_DC,2.9,0.0,0,-25.0,-32.075,39.625,24.25,160.75,0.0,0.0,0.0,16.96,5649.65,5.126827138512698,21.666108641518207,140050.62906710786,1014.9477880541713,0.0,60726.01,4930.83,2400.24,222.97,8640.21,487.74,4724.16,9500.0,1000.0,4596.0,15000.0,8666.44,38059.14070743967,71457.33737783832,3539.0985608549577,15132.664755000002,11862.387665974873
23,ChicagoIL_Phius Precriptive_DC,0.0,0.0,0,-25.0,-32.075,39.625,24.25,157.0,0.0,0.0,0.0,13.82,3682.4,5.126827138512698,17.811481397655747,137054.33037846774,806.6481571165867,0.0,69955.9,8303.62,4392.46,222.97,14046.94,487.74,4724.16,9500.0,1000.0,4596.0,15000.0,7124.59,30248.192147849175,80506.2491425442,1815.5622704788177,16752.51045,7731.816367595495
24,ChicagoIL_BASE_DC+Shd,998.18,118.08,0,-25.0,-32.075,39.625,24.25,143.0,0.0,0.0,0.0,50.85,4496.86,5.954346272395319,42.07654240003549,148051.43033655934,703.2995182885327,1613.9527741179481,0,0,0,0,0,0,0,0,0,0,0,0,86893.76152089139,11922.033456269695,35318.473630421046,4475.250000000001,9441.911728977153
25,ChicagoIL_Base Elec_DC+Shd,996.7,118.08,0,-25.0,-32.075,39.625,24.25,143.0,0.0,0.0,0.0,38.99,19938.21,5.954346272395319,41.89287201934879,231602.58306483677,2543.372897239006,0.0,55006.95,3105.75,557.42,222.97,3344.51,487.74,0,9500.0,1000.0,4474.0,15000.0,16757.15,95372.97199601497,65850.41580921087,14386.609844149123,14128.969724999999,41863.615690461695
26,ChicagoIL_DOE Envelope_DC+Shd,542.0,49.3,0,-25.0,-32.075,39.625,24.25,158.5,0.0,0.0,0.0,27.61,13088.85,5.126827138512698,32.310625605744505,183989.49790332216,1746.2970638761349,0.0,56906.42,4473.5,2400.24,222.97,4680.31,487.74,1064.0,9500.0,1000.0,4596.0,15000.0,12924.25,65483.72877236444,67712.64129940694,8848.565442916597,14462.32671,27482.235678634122
27,ChicagoIL_IECC_Elec_DC+Shd,372.47,21.78,0,-25.0,-32.075,39.625,24.25,156.75,0.0,0.0,0.0,25.06,11934.58,5.126827138512698,25.79762904281598,175823.40548916705,1571.1367145327663,0.0,58718.45,4930.83,2400.24,222.97,8640.21,487.74,1064.0,9500.0,1000.0,4596.0,15000.0,10319.05,58915.45751694912,69489.14129940694,7579.816464382299,14780.337975000002,25058.652233428693
28,ChicagoIL_IECC+0.04_Elec_DC+Shd,2.9,0.0,0,-25.0,-32.075,39.625,24.25,160.75,0.0,0.0,0.0,16.96,5649.65,5.126827138512698,21.666108641518207,140050.62906710786,1014.9477880541713,0.0,60726.01,4930.83,2400.24,222.97,8640.21,487.74,4724.16,9500.0,1000.0,4596.0,15000.0,8666.44,38059.14070743967,71457.33737783832,3539.0985608549577,15132.664755000002,11862.387665974873
29,ChicagoIL_Phius Precriptive_DC+Shd,0.0,0.0,0,-25.0,-32.075,39.625,24.25,157.0,0.0,0.0,0.0,13.82,3682.4,5.126827138512698,17.811481397655747,137054.33037846774,806.6481571165867,0.0,69955.9,8303.62,4392.46,222.97,14046.94,487.74,4724.16,9500.0,1000.0,4596.0,15000.0,7124.59,30248.192147849175,80506.2491425442,1815.5622704788177,16752.51045,7731.816367595495
30,M_10W-20S_ChicagoIL_BASE_NV,1236.27,122.88,2,-26.489955295416642,-32.75764144628063,39.625,24.25,66.5,57.0,0.0,0.0,50.85,4496.86,5.9545215568896595,3.993913808833019,148027.22558337933,703.2995182885327,1613.9527741179481,0,0,0,0,0,0,0,0,0,0,0,0,86893.76152089139,11922.033456269695,35294.26887724113,4475.250000000001,9441.911728977153
31,M_10W-20S_ChicagoIL_Base Elec_NV,1234.54,122.85,2,-26.489955295416642,-32.75764144628063,39.625,24.25,66.5,57.0,0.0,0.0,38.99,19938.21,6.187561215425747,3.993913808833019,215097.78542546395,2543.372897239006,0.0,40724.83,3105.75,557.42,222.97,3344.51,487.74,0,9500.0,1000.0,4474.0,15000.0,2475.02,95372.97199601497,51848.337377838325,14390.402696148922,11622.457665,41863.615690461695
32,M_10W-20S_ChicagoIL_DOE Envelope_NV,738.12,96.57,2,-26.489955295416642,-32.75764144628063,39.625,24.25,66.0,57.75,0.0,0.0,27.61,13088.85,5.126827138512698,3.4154730929288224,171425.1178229279,1746.2970638761349,0.0,46032.91,4473.5,2400.24,222.97,4680.31,487.74,1064.0,9500.0,1000.0,4596.0,15000.0,2050.73,65483.72877236444,57052.337377838325,8852.790289090997,12554.025705000002,27482.235678634122
33,M_10W-20S_ChicagoIL_IECC_Elec_NV,555.69,59.3,2,-26.489955295416642,-32.75764144628063,39.625,24.25,72.5,49.5,0.0,0.0,25.06,11934.58,5.126827138512698,3.4154730929288224,166274.58110319712,1571.1367145327663,0.0,50450.13,4930.83,2400.24,222.97,8640.21,487.74,1064.0,9500.0,1000.0,4596.0,15000.0,2050.73,58915.45751694912,61382.94522097558,7588.278316843781,13329.247815,25058.652233428693
34,M_10W-20S_ChicagoIL_IECC+0.04_Elec_NV,16.0,0.0,3,-26.489955295416642,-32.75764144628063,39.625,24.25,54.75,59.25,6.5,0.0,16.96,5649.65,5.126827138512698,3.4154730929288224,132403.84506665834,1014.9477880541713,0.0,54110.29,4930.83,2400.24,222.97,8640.21,487.74,4724.16,9500.0,1000.0,4596.0,15000.0,2050.73,38059.14070743967,64971.337377838325,3539.3734204054012,13971.605895,11862.387665974873
35,M_10W-20S_ChicagoIL_Phius Precriptive_NV,0.0,0.0,3,-26.489955295416642,-32.75764144628063,39.625,24.25,59.25,60.75,0.0,0.0,13.82,3682.4,5.126827138512698,3.4154730929288224,131186.8222980894,806.6481571165867,0.0,64882.04,8303.62,4392.46,222.97,14046.94,487.74,4724.16,9500.0,1000.0,4596.0,15000.0,2050.73,30248.192147849175,75531.8765935246,1812.889169120104,15862.048020000002,7731.816367595495
36,M_10W-20S_ChicagoIL_BASE_SchNV,1236.27,122.88,2,-26.489955295416642,-32.75764144628063,39.625,24.25,66.5,57.0,0.0,0.0,50.85,4496.86,5.9545215568896595,3.993913808833019,148027.22558337933,703.2995182885327,1613.9527741179481,0,0,0,0,0,0,0,0,0,0,0,0,86893.76152089139,11922.033456269695,35294.26887724113,4475.250000000001,9441.911728977153
37,M_10W-20S_ChicagoIL_Base Elec_SchNV,1234.54,122.85,2,-26.489955295416642,-32.75764144628063,39.625,24.25,66.5,57.0,0.0,0.0,38.99,19938.21,6.187561215425747,3.993913808833019,215097.78542546395,2543.372897239006,0.0,40724.83,3105.75,557.42,222.97,3344.51,487.74,0,9500.0,1000.0,4474.0,15000.0,2475.02,95372.97199601497,51848.337377838325,14390.402696148922,11622.457665,41863.615690461695
38,M_10W-20S_ChicagoIL_DOE Envelope_SchNV,738.12,96.57,2,-26.489955295416642,-32.75764144628063,39.625,24.25,66.0,57.75,0.0,0.0,27.61,13088.85,5.126827138512698,3.4154730929288224,171425.1178229279,1746.2970638761349,0.0,46032.91,4473.5,2400.24,222.97,4680.31,487.74,1064.0,9500.0,1000.0,4596.0,15000.0,2050.73,65483.72877236444,57052.337377838325,8852.790289090997,12554.025705000002,27482.235678634122
39,M_10W-20S_ChicagoIL_IECC_Elec_SchNV,555.69,59.3,2,-26.489955295416642,-32.75764144628063,39.625,24.25,72.5,49.5,0.0,0.0,25.06,11934.58,5.126827138512698,3.4154730929288224,166274.58110319712,1571.1367145327663,0.0,50450.13,4930.83,2400.24,222.97,8640.21,487.74,1064.0,9500.0,1000.0,4596.0,15000.0,2050.73,58915.45751694912,61382.94522097558,7588.278316843781,13329.247815,25058.652233428693
40,M_10W-20S_ChicagoIL_IECC+0.04_Elec_SchNV,16.0,0.0,3,-26.489955295416642,-32.75764144628063,39.625,24.25,54.75,59.25,6.5,0.0,16.96,5649.65,5.126827138512698,3.4154730929288224,132403.84506665834,1014.9477880541713,0.0,54110.29,4930.83,2400.24,222.97,8640.21,487.74,4724.16,9500.0,1000.0,4596.0,15000.0,2050.73,38059.14070743967,64971.337377838325,3539.3734204054012,13971.605895,11862.387665974873
41,M_10W-20S_ChicagoIL_Phius Precriptive_SchNV,0.0,0.0,3,-26.489955295416642,-32.75764144628063,39.625,24.25,59.25,60.75,0.0,0.0,13.82,3682.4,5.126827138512698,3.4154730929288224,131186.8222980894,806.6481571165867,0.0,64882.04,8303.62,4392.46,222.97,14046.94,487.74,4724.16,9500.0,1000.0,4596.0,15000.0,2050.73,30248.192147849175,75531.8765935246,1812.889169120104,15862.048020000002,7731.816367595495
42,M_10W-20S_ChicagoIL_BASE_SchNV+ Shd,1236.27,122.88,2,-26.489955295416642,-32.75764144628063,39.625,24.25,66.5,57.0,0.0,0.0,50.85,4496.86,5.9545215568896595,3.993913808833019,148027.22558337933,703.2995182885327,1613.9527741179481,0,0,0,0,0,0,0,0,0,0,0,0,86893.76152089139,11922.033456269695,35294.26887724113,4475.250000000001,9441.911728977153
43,M_10W-20S_ChicagoIL_Base Elec_SchNV+ Shd,1234.54,122.85,2,-26.489955295416642,-32.75764144628063,39.625,24.25,66.5,57.0,0.0,0.0,38.99,19938.21,6.187561215425747,3.993913808833019,215097.78542546395,2543.372897239006,0.0,40724.83,3105.75,557.42,222.97,3344.51,487.74,0,9500.0,1000.0,4474.0,15000.0,2475.02,95372.97199601497,51848.337377838325,14390.402696148922,11622.457665,41863.615690461695
44,M_10W-20S_ChicagoIL_DOE Envelope_SchNV+ Shd,738.12,96.57,2,-26.489955295416642,-32.75764144628063,39.625,24.25,66.0,57.75,0.0,0.0,27.61,13088.85,5.126827138512698,3.4154730929288224,171425.1178229279,1746.2970638761349,0.0,46032.91,4473.5,2400.24,222.97,4680.31,487.74,1064.0,9500.0,1000.0,4596.0,15000.0,2050.73,65483.72877236444,57052.337377838325,8852.790289090997,12554.025705000002,27482.235678634122
45,M_10W-20S_ChicagoIL_IECC_Elec_SchNV+ Shd,555.69,59.3,2,-26.489955295416642,-32.75764144628063,39.625,24.25,72.5,49.5,0.0,0.0,25.06,11934.58,5.126827138512698,3.4154730929288224,166274.58110319712,1571.1367145327663,0.0,50450.13,4930.83,2400.24,222.97,8640.21,487.74,1064.0,9500.0,1000.0,4596.0,15000.0,2050.73,58915.45751694912,61382.94522097558,7588.278316843781,13329.247815,25058.652233428693
46,M_10W-20S_ChicagoIL_IECC+0.04_Elec_SchNV+ Shd,16.0,0.0,3,-26.489955295416642,-32.75764144628063,39.625,24.25,54.75,59.25,6.5,0.0,16.96,5649.65,5.126827138512698,3.4154730929288224,132403.84506665834,1014.9477880541713,0.0,54110.29,4930.83,2400.24,222.97,8640.21,487.74,4724.16,9500.0,1000.0,4596.0,15000.0,2050.73,38059.14070743967,64971.337377838325,3539.3734204054012,13971.605895,11862.387665974873
47,M_10W-20S_ChicagoIL_Phius Precriptive_SchNV+ Shd,0.0,0.0,3,-26.489955295416642,-32.75764144628063,39.625,24.25,59.25,60.75,0.0,0.0,13.82,3682.4,5.126827138512698,3.4154730929288224,131186.8222980894,806.6481571165867,0.0,64882.04,8303.62,4392.46,222.97,14046.94,487.74,4724.16,9500.0,1000.0,4596.0,15000.0,2050.73,30248.192147849175,75531.8765935246,1812.889169120104,15862.048020000002,7731.816367595495
48,M_10W-20S_ChicagoIL_BASE_DC,1236.46,122.88,0,-26.489955295416642,-32.75764144628063,39.625,24.25,142.75,0.0,0.0,0.0,50.85,4496.86,5.95452155732158,42.05330897212484,148051.4545623433,703.2995182885327,1613.9527741179481,0,0,0,0,0,0,0,0,0,0,0,0,86893.76152089139,11922.033456269695,35318.49785620507,4475.250000000001,9441.911728977153
49,M_10W-20S_ChicagoIL_Base Elec_DC,1234.73,122.85,0,-26.489955295416642,-32.75764144628063,39.625,24.25,142.75,0.0,0.0,0.0,38.99,19938.21,6.187561482959024,41.87087559775901,231622.25994569037,2543.372897239006,0.0,54998.15,3105.75,557.42,222.97,3344.51,487.74,0,9500.0,1000.0,4474.0,15000.0,16748.35,95372.97199601497,65841.78835823048,14416.45857598321,14127.425325,41863.615690461695
50,M_10W-20S_ChicagoIL_DOE Envelope_DC,738.31,96.57,0,-26.489955295416642,-32.75764144628063,39.625,24.25,158.5,0.0,0.0,0.0,27.61,13088.85,5.126827138512698,32.29103793167983,184007.88588144886,1746.2970638761349,0.0,56898.59,4473.5,2400.24,222.97,4680.31,487.74,1064.0,9500.0,1000.0,4596.0,15000.0,12916.42,65483.72877236444,67704.9648288187,8876.004056631511,14460.952545,27482.235678634122
51,M_10W-20S_ChicagoIL_IECC_Elec_DC,555.81,59.3,0,-26.489955295416642,-32.75764144628063,39.625,24.25,156.5,0.0,0.0,0.0,25.06,11934.58,5.126827138512698,25.778830337975695,175841.29268093253,1571.1367145327663,0.0,58710.93,4930.83,2400.24,222.97,8640.21,487.74,1064.0,9500.0,1000.0,4596.0,15000.0,10311.53,58915.45751694912,69481.76875038733,7606.395965167338,14779.018215,25058.652233428693
52,M_10W-20S_ChicagoIL_IECC+0.04_Elec_DC,16.04,0.0,0,-26.489955295416642,-32.75764144628063,39.625,24.25,160.75,0.0,0.0,0.0,16.96,5649.65,5.126827138512698,21.648507124874804,140058.9219215817,1014.9477880541713,0.0,60718.96,4930.83,2400.24,222.97,8640.21,487.74,4724.16,9500.0,1000.0,4596.0,15000.0,8659.4,38059.14070743967,71450.42561313244,3555.5404550347284,15131.427479999998,11862.387665974873
53,M_10W-20S_ChicagoIL_Phius Precriptive_DC,0.0,0.0,0,-26.489955295416642,-32.75764144628063,39.625,24.25,157.0,0.0,0.0,0.0,13.82,3682.4,5.126827138512698,17.798601550110018,137060.4296905262,806.6481571165867,0.0,69950.75,8303.62,4392.46,222.97,14046.94,487.74,4724.16,9500.0,1000.0,4596.0,15000.0,7119.44,30248.192147849175,80501.20012293637,1827.6144271451133,16751.606625,7731.816367595495
54,M_10W-20S_ChicagoIL_BASE_DC+Shd,1236.46,122.88,0,-26.489955295416642,-32.75764144628063,39.625,24.25,142.75,0.0,0.0,0.0,50.85,4496.86,5.95452155732158,42.05330897212484,148051.4545623433,703.2995182885327,1613.9527741179481,0,0,0,0,0,0,0,0,0,0,0,0,86893.76152089139,11922.033456269695,35318.49785620507,4475.250000000001,9441.911728977153
55,M_10W-20S_ChicagoIL_Base Elec_DC+Shd,1234.73,122.85,0,-26.489955295416642,-32.75764144628063,39.625,24.25,142.75,0.0,0.0,0.0,38.99,19938.21,6.187561482959024,41.87087559775901,231622.25994569037,2543.372897239006,0.0,54998.15,3105.75,557.42,222.97,3344.51,487.74,0,9500.0,1000.0,4474.0,15000.0,16748.35,95372.97199601497,65841.78835823048,14416.45857598321,14127.425325,41863.615690461695
56,M_10W-20S_ChicagoIL_DOE Envelope_DC+Shd,738.31,96.57,0,-26.489955295416642,-32.75764144628063,39.625,24.25,158.5,0.0,0.0,0.0,27.61,13088.85,5.126827138512698,32.29103793167983,184007.88588144886,1746.2970638761349,0.0,56898.59,4473.5,2400.24,222.97,4680.31,487.74,1064.0,9500.0,1000.0,4596.0,15000.0,12916.42,65483.72877236444,67704.9648288187,8876.004056631511,14460.952545,27482.235678634122
57,M_10W-20S_ChicagoIL_IECC_Elec_DC+Shd,555.81,59.3,0,-26.489955295416642,-32.75764144628063,39.625,24.25,156.5,0.0,0.0,0.0,25.06,11934.58,5.126827138512698,25.778830337975695,175841.29268093253,1571.1367145327663,0.0,58710.93,4930.83,2400.24,222.97,8640.21,487.74,1064.0,9500.0,1000.0,4596.0,15000.0,10311.53,58915.45751694912,69481.76875038733,7606.395965167338,14779.018215,25058.652233428693
58,M_10W-20S_ChicagoIL_IECC+0.04_Elec_DC+Shd,16.04,0.0,0,-26.489955295416642,-32.75764144628063,39.625,24.25,160.75,0.0,0.0,0.0,16.96,5649.65,5.126827138512698,21.648507124874804,140058.9219215817,1014.9477880541713,0.0,60718.96,4930.83,2400.24,222.97,8640.21,487.74,4724.16,9500.0,1000.0,4596.0,15000.0,8659.4,38059.14070743967,71450.42561313244,3555.5404550347284,15131.427479999998,11862.387665974873
59,M_10W-20S_ChicagoIL_Phius Precriptive_DC+Shd,0.0,0.0,0,-26.489955295416642,-32.75764144628063,39.625,24.25,157.0,0.0,0.0,0.0,13.82,3682.4,5.126827138512698,17.798601550110018,137060.4296905262,806.6481571165867,0.0,69950.75,8303.62,4392.46,222.97,14046.94,487.74,4724.16,9500.0,1000.0,4596.0,15000.0,7119.44,30248.192147849175,80501.20012293637,1827.6144271451133,16751.606625,7731.816367595495
60,M_20W-50S_ChicagoIL_BASE_NV,1400.33,125.27,3,-28.591895645171174,-34.70817912008244,41.913886675765866,26.920226989834905,40.0,96.25,4.75,0.0,50.85,4496.86,5.954573868944037,3.995332321990744,148029.73191805687,703.2995182885327,1613.9527741179481,0,0,0,0,0,0,0,0,0,0,0,0,86893.76152089139,11922.033456269695,35296.77521191859,4475.250000000001,9441.911728977153
61,M_20W-50S_ChicagoIL_Base Elec_NV,1398.41,125.17,3,-28.591895645171174,-34.70817912008244,41.913886675765866,26.920226989834905,40.0,96.25,4.75,0.0,38.99,19938.21,6.304131675228664,3.995332321990744,215174.1880571701,2543.372897239006,0.0,40771.46,3105.75,557.42,222.97,3344.51,487.74,0,9500.0,1000.0,4474.0,15000.0,2521.65,95372.97199601497,51894.05306411283,14412.906076580552,11630.641230000001,41863.615690461695
62,M_20W-50S_ChicagoIL_DOE Envelope_NV,877.43,103.08,4,-28.591895645171174,-34.70817912008244,41.913886675765866,26.920226989834905,42.0,91.0,9.25,0.0,27.61,13088.85,5.126827138512698,3.4166401409411047,171446.58578324373,1746.2970638761349,0.0,46032.91,4473.5,2400.24,222.97,4680.31,487.74,1064.0,9500.0,1000.0,4596.0,15000.0,2050.73,65483.72877236444,57052.337377838325,8874.258249406841,12554.025705000002,27482.235678634122
63,M_20W-50S_ChicagoIL_IECC_Elec_NV,684.18,94.57,3,-28.591895645171174,-34.70817912008244,41.913886675765866,26.920226989834905,44.5,94.5,1.0,0.0,25.06,11934.58,5.126827138512698,3.4166401409411047,166295.22544192494,1571.1367145327663,0.0,50450.13,4930.83,2400.24,222.97,8640.21,487.74,1064.0,9500.0,1000.0,4596.0,15000.0,2050.73,58915.45751694912,61382.94522097558,7608.922655571551,13329.247815,25058.652233428693
64,M_20W-50S_ChicagoIL_IECC+0.04_Elec_NV,39.61,0.0,4,-28.591895645171174,-34.70817912008244,41.913886675765866,26.920226989834905,41.25,54.5,44.0,0.0,16.96,5649.65,5.126827138512698,3.4166401409411047,132417.2320594421,1014.9477880541713,0.0,54110.29,4930.83,2400.24,222.97,8640.21,487.74,4724.16,9500.0,1000.0,4596.0,15000.0,2050.73,38059.14070743967,64971.337377838325,3552.76041318924,13971.605895,11862.387665974873
65,M_20W-50S_ChicagoIL_Phius Precriptive_NV,0.0,0.0,4,-28.591895645171174,-34.70817912008244,41.913886675765866,26.920226989834905,41.75,53.75,44.25,0.0,13.82,3682.4,5.126827138512698,3.4166401409411047,131198.45938434964,806.6481571165867,0.0,64882.04,8303.62,4392.46,222.97,14046.94,487.74,4724.16,9500.0,1000.0,4596.0,15000.0,2050.73,30248.192147849175,75531.8765935246,1824.5262553803768,15862.048020000002,7731.816367595495
66,M_20W-50S_ChicagoIL_BASE_SchNV,1400.33,125.27,3,-28.591895645171174,-34.70817912008244,41.913886675765866,26.920226989834905,40.0,96.25,4.75,0.0,50.85,4496.86,5.954573868944037,3.995332321990744,148029.73191805687,703.2995182885327,1613.9527741179481,0,0,0,0,0,0,0,0,0,0,0,0,86893.76152089139,11922.033456269695,35296.77521191859,4475.250000000001,9441.911728977153
67,M_20W-50S_ChicagoIL_Base Elec_SchNV,1398.41,125.17,3,-28.591895645171174,-34.70817912008244,41.913886675765866,26.920226989834905,40.0,96.25,4.75,0.0,38.99,19938.21,6.304131675228664,3.995332321990744,215174.1880571701,2543.372897239006,0.0,40771.46,3105.75,557.42,222.97,3344.51,487.74,0,9500.0,1000.0,4474.0,15000.0,2521.65,95372.97199601497,51894.05306411283,14412.906076580552,11630.641230000001,41863.615690461695
68,M_20W-50S_ChicagoIL_DOE Envelope_SchNV,877.43,103.08,4,-28.591895645171174,-34.70817912008244,41.913886675765866,26.920226989834905,42.0,91.0,9.25,0.0,27.61,13088.85,5.126827138512698,3.4166401409411047,171446.58578324373,1746.2970638761349,0.0,46032.91,4473.5,2400.24,222.97,4680.31,487.74,1064.0,9500.0,1000.0,4596.0,15000.0,2050.73,65483.72877236444,57052.337377838325,8874.258249406841,12554.025705000002,27482.235678634122
69,M_20W-50S_ChicagoIL_IECC_Elec_SchNV,684.18,94.57,3,-28.591895645171174,-34.70817912008244,41.913886675765866,26.920226989834905,44.5,94.5,1.0,0.0,25.06,11934.58,5.126827138512698,3.4166401409411047,166295.22544192494,1571.1367145327663,0.0,50450.13,4930.83,2400.24,222.97,8640.21,487.74,1064.0,9500.0,1000.0,4596.0,15000.0,2050.73,58915.45751694912,61382.94522097558,7608.922655571551,13329.247815,25058.652233428693
70,M_20W-50S_ChicagoIL_IECC+0.04_Elec_SchNV,39.61,0.0,4,-28.591895645171174,-34.70817912008244,41.913886675765866,26.920226989834905,41.25,54.5,44.0,0.0,16.96,5649.65,5.126827138512698,3.4166401409411047,132417.2320594421,1014.9477880541713,0.0,54110.29,4930.83,2400.24,222.97,8640.21,487.74,4724.16,9500.0,1000.0,4596.0,15000.0,2050.73,38059.14070743967,64971.337377838325,3552.76041318924,13971.605895,11862.387665974873
71,M_20W-50S_ChicagoIL_Phius Precriptive_SchNV,0.0,0.0,4,-28.591895645171174,-34.70817912008244,41.913886675765866,26.920226989834905,41.75,53.75,44.25,0.0,13.82,3682.4,5.126827138512698,3.4166401409411047,131198.45938434964,806.6481571165867,0.0,64882.04,8303.62,4392.46,222.97,14046.94,487.74,4724.16,9500.0,1000.0,4596.0,15000.0,2050.73,30248.192147849175,75531.8765935246,1824.5262553803768,15862.048020000002,7731.816367595495
72,M_20W-50S_ChicagoIL_BASE_SchNV+ Shd,1400.33,125.27,3,-28.591895645171174,-34.70817912008244,41.913886675765866,26.920226989834905,40.0,96.25,4.75,0.0,50.85,4496.86,5.954573868944037,3.995332321990744,148029.73191805687,703.2995182885327,1613.9527741179481,0,0,0,0,0,0,0,0,0,0,0,0,86893.76152089139,11922.033456269695,35296.77521191859,4475.250000000001,9441.911728977153
73,M_20W-50S_ChicagoIL_Base Elec_SchNV+ Shd,1398.41,125.17,3,-28.591895645171174,-34.70817912008244,41.913886675765866,26.920226989834905,40.0,96.25,4.75,0.0,38.99,19938.21,6.304131675228664,3.995332321990744,215174.1880571701,2543.372897239006,0.0,40771.46,3105.75,557.42,222.97,3344.51,487.74,0,9500.0,1000.0,4474.0,15000.0,2521.65,95372.97199601497,51894.05306411283,14412.906076580552,11630.641230000001,41863.615690461695
74,M_20W-50S_ChicagoIL_DOE Envelope_SchNV+ Shd,877.43,103.08,4,-28.591895645171174,-34.70817912008244,41.913886675765866,26.920226989834905,42.0,91.0,9.25,0.0,27.61,13088.85,5.126827138512698,3.4166401409411047,171446.58578324373,1746.2970638761349,0.0,46032.91,4473.5,2400.24,222.97,4680.31,487.74,1064.0,9500.0,1000.0,4596.0,15000.0,2050.73,65483.72877236444,57052.337377838325,8874.258249406841,12554.025705000002,27482.235678634122
75,M_20W-50S_ChicagoIL_IECC_Elec_SchNV+ Shd,684.18,94.57,3,-28.591895645171174,-34.70817912008244,41.913886675765866,26.920226989834905,44.5,94.5,1.0,0.0,25.06,11934.58,5.126827138512698,3.4166401409411047,166295.22544192494,1571.1367145327663,0.0,50450.13,4930.83,2400.24,222.97,8640.21,487.74,1064.0,9500.0,1000.0,4596.0,15000.0,2050.73,58915.45751694912,61382.94522097558,7608.922655571551,13329.247815,25058.652233428693
76,M_20W-50S_ChicagoIL_IECC+0.04_Elec_SchNV+ Shd,39.61,0.0,4,-28.591895645171174,-34.70817912008244,41.913886675765866,26.920226989834905,41.25,54.5,44.0,0.0,16.96,5649.65,5.126827138512698,3.4166401409411047,132417.2320594421,1014.9477880541713,0.0,54110.29,4930.83,2400.24,222.97,8640.21,487.74,4724.16,9500.0,1000.0,4596.0,15000.0,2050.73,38059.14070743967,64971.337377838325,3552.76041318924,13971.605895,11862.387665974873
77,M_20W-50S_ChicagoIL_Phius Precriptive_SchNV+ Shd,0.0,0.0,4,-28.591895645171174,-34.70817912008244,41.913886675765866,26.920226989834905,41.75,53.75,44.25,0.0,13.82,3682.4,5.126827138512698,3.4166401409411047,131198.45938434964,806.6481571165867,0.0,64882.04,8303.62,4392.46,222.97,14046.94,487.74,4724.16,9500.0,1000.0,4596.0,15000.0,2050.73,30248.192147849175,75531.8765935246,1824.5262553803768,15862.048020000002,7731.816367595495
78,M_20W-50S_ChicagoIL_BASE_DC,1400.52,125.27,0,-28.591895645171174,-34.70817912008244,41.913886675765866,26.920226989834905,155.0,0.0,0.0,0.0,50.85,4496.86,5.954573869558773,65.52461875019243,148067.95786595915,703.2995182885327,1613.9527741179481,0,0,0,0,0,0,0,0,0,0,0,0,86893.76152089139,11922.033456269695,35335.00115982093,4475.250000000001,9441.911728977153
79,M_20W-50S_ChicagoIL_Base Elec_DC,1398.59,125.17,0,-28.591895645171174,-34.70817912008244,41.913886675765866,26.920226989834905,155.0,0.0,0.0,0.0,38.99,19938.21,6.304132056000492,64.65718196829368,242194.16416580242,2543.372897239006,0.0,64112.68,3105.75,557.42,222.97,3344.51,487.74,0,9500.0,1000.0,4474.0,15000.0,25862.87,95372.97199601497,74777.60208372067,14452.949055605142,15727.025340000002,41863.615690461695
80,M_20W-50S_ChicagoIL_DOE Envelope_DC,877.64,103.08,0,-28.591895645171174,-34.70817912008244,41.913886675765866,26.920226989834905,159.25,0.0,0.0,0.0,27.61,13088.85,5.126827138512698,47.57456198898248,191105.22561479488,1746.2970638761349,0.0,63012.0,4473.5,2400.24,222.97,4680.31,487.74,1064.0,9500.0,1000.0,4596.0,15000.0,19029.82,65483.72877236444,73698.504044505,8906.901119291377,15533.856,27482.235678634122
81,M_20W-50S_ChicagoIL_IECC_Elec_DC,684.31,94.57,0,-28.591895645171174,-34.70817912008244,41.913886675765866,26.920226989834905,158.5,0.0,0.0,0.0,25.06,11934.58,5.126827138512698,38.08509856571567,181559.1172369248,1571.1367145327663,0.0,63633.44,4930.83,2400.24,222.97,8640.21,487.74,1064.0,9500.0,1000.0,4596.0,15000.0,15234.04,58915.45751694912,74307.75894646578,7634.329820081176,15642.91872,25058.652233428693
82,M_20W-50S_ChicagoIL_IECC+0.04_Elec_DC,39.69,0.0,0,-28.591895645171174,-34.70817912008244,41.913886675765866,26.920226989834905,160.75,0.0,0.0,0.0,16.96,5649.65,5.126827138512698,28.609693735638253,143294.252428351,1014.9477880541713,0.0,63503.44,4930.83,2400.24,222.97,8640.21,487.74,4724.16,9500.0,1000.0,4596.0,15000.0,11443.88,38059.14070743967,74180.30796607363,3572.3123688628552,15620.103720000001,11862.387665974873
83,M_20W-50S_ChicagoIL_Phius Precriptive_DC,0.0,0.0,0,-28.591895645171174,-34.70817912008244,41.913886675765866,26.920226989834905,157.75,0.0,0.0,0.0,13.82,3682.4,5.126827138512698,23.270485802292868,139603.2485293524,806.6481571165867,0.0,72139.5,8303.62,4392.46,222.97,14046.94,487.74,4724.16,9500.0,1000.0,4596.0,15000.0,9308.19,30248.192147849175,82647.0334562697,1840.474307638051,17135.73225,7731.816367595495
84,M_20W-50S_ChicagoIL_BASE_DC+Shd,1400.52,125.27,0,-28.591895645171174,-34.70817912008244,41.913886675765866,26.920226989834905,155.0,0.0,0.0,0.0,50.85,4496.86,5.954573869558773,65.52461875019243,148067.95786595915,703.2995182885327,1613.9527741179481,0,0,0,0,0,0,0,0,0,0,0,0,86893.76152089139,11922.033456269695,35335.00115982093,4475.250000000001,9441.911728977153
85,M_20W-50S_ChicagoIL_Base Elec_DC+Shd,1398.59,125.17,0,-28.591895645171174,-34.70817912008244,41.913886675765866,26.920226989834905,155.0,0.0,0.0,0.0,38.99,19938.21,6.304132056000492,64.65718196829368,242194.16416580242,2543.372897239006,0.0,64112.68,3105.75,557.42,222.97,3344.51,487.74,0,9500.0,1000.0,4474.0,15000.0,25862.87,95372.97199601497,74777.60208372067,14452.949055605142,15727.025340000002,41863.615690461695
86,M_20W-50S_ChicagoIL_DOE Envelope_DC+Shd,877.64,103.08,0,-28.591895645171174,-34.70817912008244,41.913886675765866,26.920226989834905,159.25,0.0,0.0,0.0,27.61,13088.85,5.126827138512698,47.57456198898248,191105.22561479488,1746.2970638761349,0.0,63012.0,4473.5,2400.24,222.97,4680.31,487.74,1064.0,9500.0,1000.0,4596.0,15000.0,19029.82,65483.72877236444,73698.504044505,8906.901119291377,15533.856,27482.235678634122
87,M_20W-50S_ChicagoIL_IECC_Elec_DC+Shd,684.31,94.57,0,-28.591895645171174,-34.70817912008244,41.913886675765866,26.920226989834905,158.5,0.0,0.0,0.0,25.06,11934.58,5.126827138512698,38.08509856571567,181559.1172369248,1571.1367145327663,0.0,63633.44,4930.83,2400.24,222.97,8640.21,487.74,1064.0,9500.0,1000.0,4596.0,15000.0,15234.04,58915.45751694912,74307.75894646578,7634.329820081176,15642.91872,25058.652233428693
88,M_20W-50S_ChicagoIL_IECC+0.04_Elec_DC+Shd,39.69,0.0,0,-28.591895645171174,-34.70817912008244,41.913886675765866,26.920226989834905,160.75,0.0,0.0,0.0,16.96,5649.65,5.126827138512698,28.609693735638253,143294.252428351,1014.9477880541713,0.0,63503.44,4930.83,2400.24,222.97,8640.21,487.74,4724.16,9500.0,1000.0,4596.0,15000.0,11443.88,38059.14070743967,74180.30796607363,3572.3123688628552,15620.103720000001,11862.387665974873
89,M_20W-50S_ChicagoIL_Phius Precriptive_DC+Shd,0.0,0.0,0,-28.591895645171174,-34.70817912008244,41.913886675765866,26.920226989834905,157.75,0.0,0.0,0.0,13.82,3682.4,5.126827138512698,23.270485802292868,139603.2485293524,806.6481571165867,0.0,72139.5,8303.62,4392.46,222.97,14046.94,487.74,4724.16,9500.0,1000.0,4596.0,15000.0,9308.19,30248.192147849175,82647.0334562697,1840.474307638051,17135.73225,7731.816367595495
