Time,54 ZONE VAV:DesPer 1:Des Heat Mass Flow [kg/s],54 ZONE VAV:DesPer 1:Des Heat Cap [W],54 ZONE VAV:DesPer 1:Des Cool Mass Flow [kg/s],54 ZONE VAV:DesPer 1:Des Sens Cool Cap [W],54 ZONE VAV:DesPer 1:Des Tot Cool Cap [W],54 ZONE VAV:DesPer 2:Des Heat Mass Flow [kg/s],54 ZONE VAV:DesPer 2:Des Heat Cap [W],54 ZONE VAV:DesPer 2:Des Cool Mass Flow [kg/s],54 ZONE VAV:DesPer 2:Des Sens Cool Cap [W],54 ZONE VAV:DesPer 2:Des Tot Cool Cap [W],54 ZONE VAV:DesPer 3:Des Heat Mass Flow [kg/s],54 ZONE VAV:DesPer 3:Des Heat Cap [W],54 ZONE VAV:DesPer 3:Des Cool Mass Flow [kg/s],54 ZONE VAV:DesPer 3:Des Sens Cool Cap [W],54 ZONE VAV:DesPer 3:Des Tot Cool Cap [W],54 ZONE VAV:DesPer 4:Des Heat Mass Flow [kg/s],54 ZONE VAV:DesPer 4:Des Heat Cap [W],54 ZONE VAV:DesPer 4:Des Cool Mass Flow [kg/s],54 ZONE VAV:DesPer 4:Des Sens Cool Cap [W],54 ZONE VAV:DesPer 4:Des Tot Cool Cap [W],54 ZONE VAV:DesPer 5:Des Heat Mass Flow [kg/s],54 ZONE VAV:DesPer 5:Des Heat Cap [W],54 ZONE VAV:DesPer 5:Des Cool Mass Flow [kg/s],54 ZONE VAV:DesPer 5:Des Sens Cool Cap [W],54 ZONE VAV:DesPer 5:Des Tot Cool Cap [W],54 ZONE VAV:DesPer 6:Des Heat Mass Flow [kg/s],54 ZONE VAV:DesPer 6:Des Heat Cap [W],54 ZONE VAV:DesPer 6:Des Cool Mass Flow [kg/s],54 ZONE VAV:DesPer 6:Des Sens Cool Cap [W],54 ZONE VAV:DesPer 6:Des Tot Cool Cap [W],54 ZONE VAV:DesPer 7:Des Heat Mass Flow [kg/s],54 ZONE VAV:DesPer 7:Des Heat Cap [W],54 ZONE VAV:DesPer 7:Des Cool Mass Flow [kg/s],54 ZONE VAV:DesPer 7:Des Sens Cool Cap [W],54 ZONE VAV:DesPer 7:Des Tot Cool Cap [W]
00:10:00,3.605732E+01,0.000000E+00,3.626182E+01,4.805085E+05,1.085459E+06,3.605732E+01,0.000000E+00,3.609930E+01,3.229622E+05,1.080963E+06,3.605732E+01,0.000000E+00,3.610294E+01,4.063373E+05,1.342157E+06,3.605732E+01,0.000000E+00,3.610256E+01,4.027100E+05,1.356170E+06,4.886797E+01,1.002606E+06,3.605732E+01,0.000000E+00,0.000000E+00,4.316722E+01,4.443934E+05,3.605732E+01,0.000000E+00,0.000000E+00,4.842911E+01,9.591104E+05,3.605732E+01,0.000000E+00,0.000000E+00
00:20:00,3.605732E+01,0.000000E+00,3.622983E+01,4.770373E+05,1.081786E+06,3.605732E+01,0.000000E+00,3.609852E+01,3.198074E+05,1.069404E+06,3.605732E+01,0.000000E+00,3.610143E+01,4.031753E+05,1.338906E+06,3.605732E+01,0.000000E+00,3.610105E+01,3.995479E+05,1.352917E+06,4.886909E+01,1.002598E+06,3.605732E+01,0.000000E+00,0.000000E+00,4.316762E+01,4.443948E+05,3.605732E+01,0.000000E+00,0.000000E+00,4.843024E+01,9.591019E+05,3.605732E+01,0.000000E+00,0.000000E+00
00:30:00,3.605732E+01,0.000000E+00,3.620016E+01,4.735860E+05,1.078059E+06,3.605732E+01,0.000000E+00,3.609799E+01,3.166561E+05,1.057884E+06,3.605732E+01,0.000000E+00,3.610021E+01,4.000169E+05,1.335649E+06,3.605732E+01,0.000000E+00,3.609983E+01,3.963894E+05,1.349659E+06,4.887011E+01,1.002590E+06,3.605732E+01,0.000000E+00,0.000000E+00,4.316802E+01,4.443915E+05,3.605732E+01,0.000000E+00,0.000000E+00,4.843126E+01,9.590942E+05,3.605732E+01,0.000000E+00,0.000000E+00
00:40:00,3.605732E+01,0.000000E+00,3.617270E+01,4.701510E+05,1.074294E+06,3.605732E+01,0.000000E+00,3.609771E+01,3.135079E+05,1.046403E+06,3.605732E+01,0.000000E+00,3.609926E+01,3.968616E+05,1.332388E+06,3.605732E+01,0.000000E+00,3.609888E+01,3.932340E+05,1.346396E+06,4.887110E+01,1.002583E+06,3.605732E+01,0.000000E+00,0.000000E+00,4.316843E+01,4.443881E+05,3.605732E+01,0.000000E+00,0.000000E+00,4.843225E+01,9.590867E+05,3.605732E+01,0.000000E+00,0.000000E+00
00:50:00,3.605732E+01,0.000000E+00,3.615138E+01,4.667769E+05,1.070678E+06,3.605732E+01,0.000000E+00,3.609790E+01,3.103651E+05,1.034995E+06,3.605732E+01,0.000000E+00,3.609880E+01,3.937118E+05,1.329158E+06,3.605732E+01,0.000000E+00,3.609841E+01,3.900841E+05,1.338304E+06,4.887209E+01,1.002575E+06,3.605732E+01,0.000000E+00,0.000000E+00,4.316891E+01,4.443842E+05,3.605732E+01,0.000000E+00,0.000000E+00,4.843325E+01,9.590791E+05,3.605732E+01,0.000000E+00,0.000000E+00
01:00:00,3.605732E+01,0.000000E+00,3.613977E+01,4.635074E+05,1.067233E+06,3.605732E+01,0.000000E+00,3.609776E+01,3.072186E+05,1.023611E+06,3.605732E+01,0.000000E+00,3.609804E+01,3.905584E+05,1.325909E+06,3.605732E+01,0.000000E+00,3.609779E+01,3.869322E+05,1.325795E+06,4.887305E+01,1.002568E+06,3.605732E+01,0.000000E+00,0.000000E+00,4.316945E+01,4.443797E+05,3.605732E+01,0.000000E+00,0.000000E+00,4.843420E+01,9.590718E+05,3.605732E+01,0.000000E+00,0.000000E+00
01:10:00,3.605732E+01,0.000000E+00,3.609048E+01,4.608390E+05,1.063870E+06,3.605732E+01,0.000000E+00,3.605732E+01,3.046510E+05,1.014962E+06,3.605732E+01,0.000000E+00,3.605732E+01,3.879858E+05,1.322672E+06,3.605732E+01,0.000000E+00,3.605732E+01,3.843625E+05,1.316414E+06,4.887406E+01,1.002560E+06,3.605732E+01,0.000000E+00,0.000000E+00,4.317005E+01,4.443748E+05,3.605732E+01,0.000000E+00,0.000000E+00,4.843521E+01,9.590641E+05,3.605732E+01,0.000000E+00,0.000000E+00
01:20:00,3.605732E+01,0.000000E+00,3.608328E+01,4.586557E+05,1.061515E+06,3.605732E+01,0.000000E+00,3.605732E+01,3.025495E+05,1.007385E+06,3.605732E+01,0.000000E+00,3.605732E+01,3.858843E+05,1.320488E+06,3.605732E+01,0.000000E+00,3.605732E+01,3.822610E+05,1.308101E+06,4.887509E+01,1.002552E+06,3.605732E+01,0.000000E+00,0.000000E+00,4.317072E+01,4.443693E+05,3.605732E+01,0.000000E+00,0.000000E+00,4.843624E+01,9.590563E+05,3.605732E+01,0.000000E+00,0.000000E+00
01:30:00,3.605732E+01,0.000000E+00,3.607664E+01,4.564774E+05,1.059165E+06,3.605732E+01,0.000000E+00,3.605732E+01,3.004480E+05,9.998273E+05,3.605732E+01,0.000000E+00,3.605732E+01,3.837828E+05,1.314119E+06,3.605732E+01,0.000000E+00,3.605732E+01,3.801595E+05,1.299808E+06,4.887619E+01,1.002544E+06,3.605732E+01,0.000000E+00,0.000000E+00,4.317144E+01,4.443634E+05,3.605732E+01,0.000000E+00,0.000000E+00,4.843734E+01,9.590479E+05,3.605732E+01,0.000000E+00,0.000000E+00
01:40:00,3.605732E+01,0.000000E+00,3.607052E+01,4.543041E+05,1.056824E+06,3.605732E+01,0.000000E+00,3.605732E+01,2.983465E+05,9.922874E+05,3.605732E+01,0.000000E+00,3.605732E+01,3.816813E+05,1.305811E+06,3.605732E+01,0.000000E+00,3.605732E+01,3.780581E+05,1.291536E+06,4.887730E+01,1.002535E+06,3.605732E+01,0.000000E+00,0.000000E+00,4.317220E+01,4.443572E+05,3.605732E+01,0.000000E+00,0.000000E+00,4.843845E+01,9.590394E+05,3.605732E+01,0.000000E+00,0.000000E+00
01:50:00,3.605732E+01,0.000000E+00,3.606775E+01,4.521702E+05,1.054577E+06,3.605732E+01,0.000000E+00,3.605732E+01,2.962451E+05,9.847657E+05,3.605732E+01,0.000000E+00,3.605732E+01,3.795798E+05,1.297524E+06,3.605732E+01,0.000000E+00,3.605732E+01,3.759566E+05,1.283284E+06,4.887840E+01,1.002527E+06,3.605732E+01,0.000000E+00,0.000000E+00,4.317293E+01,4.443511E+05,3.605732E+01,0.000000E+00,0.000000E+00,4.843954E+01,9.590309E+05,3.605732E+01,0.000000E+00,0.000000E+00
02:00:00,3.605732E+01,0.000000E+00,3.606574E+01,4.500452E+05,1.052352E+06,3.605732E+01,0.000000E+00,3.605732E+01,2.941436E+05,9.772622E+05,3.605732E+01,0.000000E+00,3.605732E+01,3.774783E+05,1.289258E+06,3.605732E+01,0.000000E+00,3.605732E+01,3.738551E+05,1.275053E+06,4.887952E+01,1.002518E+06,3.605732E+01,0.000000E+00,0.000000E+00,4.317364E+01,4.443453E+05,3.605732E+01,0.000000E+00,0.000000E+00,4.844067E+01,9.590222E+05,3.605732E+01,0.000000E+00,0.000000E+00
02:10:00,3.605732E+01,0.000000E+00,3.606386E+01,4.484464E+05,1.050670E+06,3.605732E+01,0.000000E+00,3.605732E+01,2.925675E+05,9.716464E+05,3.605732E+01,0.000000E+00,3.605732E+01,3.759022E+05,1.283071E+06,3.605732E+01,0.000000E+00,3.605732E+01,3.722790E+05,1.268893E+06,4.888055E+01,1.002510E+06,3.605732E+01,0.000000E+00,0.000000E+00,4.317432E+01,4.443398E+05,3.605732E+01,0.000000E+00,0.000000E+00,4.844170E+01,9.590142E+05,3.605732E+01,0.000000E+00,0.000000E+00
02:20:00,3.605732E+01,0.000000E+00,3.606208E+01,4.468488E+05,1.048991E+06,3.605732E+01,0.000000E+00,3.605732E+01,2.909913E+05,9.660406E+05,3.605732E+01,0.000000E+00,3.605732E+01,3.743261E+05,1.276896E+06,3.605732E+01,0.000000E+00,3.605732E+01,3.707029E+05,1.262744E+06,4.888154E+01,1.002502E+06,3.605732E+01,0.000000E+00,0.000000E+00,4.317495E+01,4.443346E+05,3.605732E+01,0.000000E+00,0.000000E+00,4.844269E+01,9.590065E+05,3.605732E+01,0.000000E+00,0.000000E+00
02:30:00,3.605732E+01,0.000000E+00,3.606124E+01,4.452625E+05,1.047340E+06,3.605732E+01,0.000000E+00,3.605732E+01,2.894152E+05,9.604450E+05,3.605732E+01,0.000000E+00,3.605732E+01,3.727500E+05,1.270732E+06,3.605732E+01,0.000000E+00,3.605732E+01,3.691267E+05,1.256606E+06,4.888247E+01,1.002495E+06,3.605732E+01,0.000000E+00,0.000000E+00,4.317554E+01,4.443297E+05,3.605732E+01,0.000000E+00,0.000000E+00,4.844362E+01,9.589993E+05,3.605732E+01,0.000000E+00,0.000000E+00
02:40:00,3.605732E+01,0.000000E+00,3.606081E+01,4.436812E+05,1.045700E+06,3.605732E+01,0.000000E+00,3.605732E+01,2.878391E+05,9.548596E+05,3.605732E+01,0.000000E+00,3.605732E+01,3.711739E+05,1.264580E+06,3.605732E+01,0.000000E+00,3.605732E+01,3.675506E+05,1.250480E+06,4.888334E+01,1.002488E+06,3.605732E+01,0.000000E+00,0.000000E+00,4.317609E+01,4.443252E+05,3.605732E+01,0.000000E+00,0.000000E+00,4.844449E+01,9.589925E+05,3.605732E+01,0.000000E+00,0.000000E+00
02:50:00,3.605732E+01,0.000000E+00,3.606049E+01,4.421011E+05,1.044063E+06,3.605732E+01,0.000000E+00,3.605732E+01,2.862630E+05,9.492842E+05,3.605732E+01,0.000000E+00,3.605732E+01,3.695978E+05,1.258439E+06,3.605732E+01,0.000000E+00,3.605732E+01,3.659745E+05,1.244365E+06,4.888414E+01,1.002482E+06,3.605732E+01,0.000000E+00,0.000000E+00,4.317661E+01,4.443209E+05,3.605732E+01,0.000000E+00,0.000000E+00,4.844529E+01,9.589862E+05,3.605732E+01,0.000000E+00,0.000000E+00
03:00:00,3.605732E+01,0.000000E+00,3.606018E+01,4.405213E+05,1.042428E+06,3.605732E+01,0.000000E+00,3.605732E+01,2.846869E+05,9.437188E+05,3.605732E+01,0.000000E+00,3.605732E+01,3.680217E+05,1.252310E+06,3.605732E+01,0.000000E+00,3.605732E+01,3.643984E+05,1.238262E+06,4.888490E+01,1.002476E+06,3.605732E+01,0.000000E+00,0.000000E+00,4.317709E+01,4.443169E+05,3.605732E+01,0.000000E+00,0.000000E+00,4.844605E+01,9.589803E+05,3.605732E+01,0.000000E+00,0.000000E+00
03:10:00,3.605732E+01,0.000000E+00,3.605988E+01,4.389415E+05,1.040792E+06,3.605732E+01,0.000000E+00,3.605732E+01,2.831108E+05,9.381635E+05,3.605732E+01,0.000000E+00,3.605732E+01,3.664455E+05,1.246192E+06,3.605732E+01,0.000000E+00,3.605732E+01,3.628223E+05,1.232169E+06,4.888560E+01,1.002471E+06,3.605732E+01,0.000000E+00,0.000000E+00,4.317755E+01,4.443132E+05,3.605732E+01,0.000000E+00,0.000000E+00,4.844675E+01,9.589748E+05,3.605732E+01,0.000000E+00,0.000000E+00
03:20:00,3.605732E+01,0.000000E+00,3.605959E+01,4.373619E+05,1.039156E+06,3.605732E+01,0.000000E+00,3.605732E+01,2.815347E+05,9.326181E+05,3.605732E+01,0.000000E+00,3.605732E+01,3.648694E+05,1.240085E+06,3.605732E+01,0.000000E+00,3.605732E+01,3.612462E+05,1.226088E+06,4.888626E+01,1.002466E+06,3.605732E+01,0.000000E+00,0.000000E+00,4.317797E+01,4.443097E+05,3.605732E+01,0.000000E+00,0.000000E+00,4.844741E+01,9.589696E+05,3.605732E+01,0.000000E+00,0.000000E+00
03:30:00,3.605732E+01,0.000000E+00,3.605932E+01,4.357824E+05,1.037520E+06,3.605732E+01,0.000000E+00,3.605732E+01,2.799585E+05,9.270828E+05,3.605732E+01,0.000000E+00,3.605732E+01,3.632933E+05,1.233989E+06,3.605732E+01,0.000000E+00,3.605732E+01,3.596701E+05,1.220019E+06,4.888687E+01,1.002461E+06,3.605732E+01,0.000000E+00,0.000000E+00,4.317837E+01,4.443064E+05,3.605732E+01,0.000000E+00,0.000000E+00,4.844802E+01,9.589648E+05,3.605732E+01,0.000000E+00,0.000000E+00
03:40:00,3.605732E+01,0.000000E+00,3.605904E+01,4.342030E+05,1.035885E+06,3.605732E+01,0.000000E+00,3.605732E+01,2.783824E+05,9.215573E+05,3.605732E+01,0.000000E+00,3.605732E+01,3.617172E+05,1.227905E+06,3.605732E+01,0.000000E+00,3.605732E+01,3.580939E+05,1.213960E+06,4.888745E+01,1.002456E+06,3.605732E+01,0.000000E+00,0.000000E+00,4.317874E+01,4.443034E+05,3.605732E+01,0.000000E+00,0.000000E+00,4.844860E+01,9.589603E+05,3.605732E+01,0.000000E+00,0.000000E+00
03:50:00,3.605732E+01,0.000000E+00,3.605878E+01,4.326237E+05,1.034251E+06,3.605732E+01,0.000000E+00,3.605732E+01,2.768063E+05,9.160419E+05,3.605732E+01,0.000000E+00,3.605732E+01,3.601411E+05,1.221831E+06,3.605732E+01,0.000000E+00,3.605732E+01,3.565178E+05,1.207912E+06,4.888799E+01,1.002452E+06,3.605732E+01,0.000000E+00,0.000000E+00,4.317909E+01,4.443005E+05,3.605732E+01,0.000000E+00,0.000000E+00,4.844914E+01,9.589561E+05,3.605732E+01,0.000000E+00,0.000000E+00
04:00:00,3.605732E+01,0.000000E+00,3.605852E+01,4.310445E+05,1.032616E+06,3.605732E+01,0.000000E+00,3.605732E+01,2.752302E+05,9.105363E+05,3.605732E+01,0.000000E+00,3.605732E+01,3.585650E+05,1.215769E+06,3.605732E+01,0.000000E+00,3.605732E+01,3.549417E+05,1.201876E+06,4.888849E+01,1.002448E+06,3.605732E+01,0.000000E+00,0.000000E+00,4.317942E+01,4.442978E+05,3.605732E+01,0.000000E+00,0.000000E+00,4.844965E+01,9.589521E+05,3.605732E+01,0.000000E+00,0.000000E+00
04:10:00,3.605732E+01,0.000000E+00,3.605827E+01,4.299908E+05,1.031524E+06,3.605732E+01,0.000000E+00,3.605732E+01,2.741795E+05,9.068714E+05,3.605732E+01,0.000000E+00,3.605732E+01,3.575142E+05,1.211734E+06,3.605732E+01,0.000000E+00,3.605732E+01,3.538910E+05,1.197858E+06,4.888897E+01,1.002444E+06,3.605732E+01,0.000000E+00,0.000000E+00,4.317974E+01,4.442952E+05,3.605732E+01,0.000000E+00,0.000000E+00,4.845012E+01,9.589484E+05,3.605732E+01,0.000000E+00,0.000000E+00
04:20:00,3.605732E+01,0.000000E+00,3.605804E+01,4.289371E+05,1.030432E+06,3.605732E+01,0.000000E+00,3.605732E+01,2.731287E+05,9.032109E+05,3.605732E+01,0.000000E+00,3.605732E+01,3.564635E+05,1.207704E+06,3.605732E+01,0.000000E+00,3.605732E+01,3.528402E+05,1.193845E+06,4.888942E+01,1.002441E+06,3.605732E+01,0.000000E+00,0.000000E+00,4.318003E+01,4.442928E+05,3.605732E+01,0.000000E+00,0.000000E+00,4.845057E+01,9.589449E+05,3.605732E+01,0.000000E+00,0.000000E+00
04:30:00,3.605732E+01,0.000000E+00,3.605780E+01,4.278836E+05,1.029340E+06,3.605732E+01,0.000000E+00,3.605732E+01,2.720780E+05,8.995548E+05,3.605732E+01,0.000000E+00,3.605732E+01,3.554127E+05,1.203679E+06,3.605732E+01,0.000000E+00,3.605732E+01,3.517895E+05,1.189837E+06,4.888984E+01,1.002438E+06,3.605732E+01,0.000000E+00,0.000000E+00,4.318031E+01,4.442905E+05,3.605732E+01,0.000000E+00,0.000000E+00,4.845099E+01,9.589416E+05,3.605732E+01,0.000000E+00,0.000000E+00
04:40:00,3.605732E+01,0.000000E+00,3.605771E+01,4.268317E+05,1.028253E+06,3.605732E+01,0.000000E+00,3.605732E+01,2.710272E+05,8.959030E+05,3.605732E+01,0.000000E+00,3.605732E+01,3.543620E+05,1.199659E+06,3.605732E+01,0.000000E+00,3.605732E+01,3.507387E+05,1.185833E+06,4.889024E+01,1.002434E+06,3.605732E+01,0.000000E+00,0.000000E+00,4.318058E+01,4.442883E+05,3.605732E+01,0.000000E+00,0.000000E+00,4.845139E+01,9.589385E+05,3.605732E+01,0.000000E+00,0.000000E+00
04:50:00,3.605732E+01,0.000000E+00,3.605893E+01,4.257957E+05,1.027205E+06,3.605732E+01,0.000000E+00,3.605732E+01,2.699765E+05,8.922556E+05,3.605732E+01,0.000000E+00,3.605732E+01,3.533113E+05,1.195643E+06,3.605732E+01,0.000000E+00,3.605732E+01,3.496880E+05,1.181835E+06,4.889061E+01,1.002432E+06,3.605732E+01,0.000000E+00,0.000000E+00,4.318083E+01,4.442862E+05,3.605732E+01,0.000000E+00,0.000000E+00,4.845177E+01,9.589355E+05,3.605732E+01,0.000000E+00,0.000000E+00
05:00:00,3.605732E+01,0.000000E+00,3.616079E+01,4.259753E+05,1.029138E+06,3.605732E+01,0.000000E+00,3.605732E+01,2.689257E+05,8.886126E+05,3.605732E+01,0.000000E+00,3.606178E+01,3.523142E+05,1.191766E+06,3.605732E+01,0.000000E+00,3.606123E+01,3.486843E+05,1.177958E+06,4.889097E+01,1.002429E+06,3.605732E+01,0.000000E+00,0.000000E+00,4.318107E+01,4.442843E+05,3.605732E+01,0.000000E+00,0.000000E+00,4.845213E+01,9.589327E+05,3.605732E+01,0.000000E+00,0.000000E+00
05:10:00,3.605732E+01,0.000000E+00,3.681178E+01,4.348334E+05,1.048415E+06,3.605732E+01,0.000000E+00,3.606824E+01,2.701066E+05,8.925720E+05,3.605732E+01,0.000000E+00,3.630973E+01,3.563350E+05,1.202869E+06,3.605732E+01,0.000000E+00,3.628019E+01,3.523574E+05,1.188220E+06,4.889131E+01,1.002426E+06,3.605732E+01,0.000000E+00,0.000000E+00,4.318129E+01,4.442824E+05,3.605732E+01,0.000000E+00,0.000000E+00,4.845246E+01,9.589300E+05,3.605732E+01,0.000000E+00,0.000000E+00
05:20:00,3.605732E+01,0.000000E+00,3.777252E+01,4.472760E+05,1.075273E+06,3.605732E+01,0.000000E+00,3.644317E+01,2.755933E+05,9.069088E+05,3.605732E+01,0.000000E+00,3.717319E+01,3.676299E+05,1.230769E+06,3.605732E+01,0.000000E+00,3.714039E+01,3.636137E+05,1.216053E+06,4.889163E+01,1.002424E+06,3.605732E+01,0.000000E+00,0.000000E+00,4.318151E+01,4.442806E+05,3.605732E+01,0.000000E+00,0.000000E+00,4.845279E+01,9.589275E+05,3.605732E+01,0.000000E+00,0.000000E+00
05:30:00,3.605732E+01,0.000000E+00,3.901997E+01,4.629501E+05,1.107392E+06,3.605732E+01,0.000000E+00,3.739139E+01,2.877310E+05,9.363227E+05,3.605732E+01,0.000000E+00,3.831589E+01,3.820734E+05,1.264231E+06,3.605732E+01,0.000000E+00,3.827590E+01,3.779712E+05,1.249367E+06,4.889193E+01,1.002421E+06,3.605732E+01,0.000000E+00,0.000000E+00,4.318171E+01,4.442789E+05,3.605732E+01,0.000000E+00,0.000000E+00,4.845309E+01,9.589251E+05,3.605732E+01,0.000000E+00,0.000000E+00
05:40:00,3.605732E+01,0.000000E+00,4.053980E+01,4.816252E+05,1.144537E+06,3.605732E+01,0.000000E+00,3.869873E+01,3.039081E+05,9.738021E+05,3.605732E+01,0.000000E+00,3.974071E+01,3.996633E+05,1.303163E+06,3.605732E+01,0.000000E+00,3.969462E+01,3.954887E+05,1.288193E+06,4.889222E+01,1.002419E+06,3.605732E+01,0.000000E+00,0.000000E+00,4.318191E+01,4.442773E+05,3.605732E+01,0.000000E+00,0.000000E+00,4.845338E+01,9.589229E+05,3.605732E+01,0.000000E+00,0.000000E+00
05:50:00,3.605732E+01,0.000000E+00,4.226403E+01,5.024742E+05,1.185255E+06,3.605732E+01,0.000000E+00,4.033891E+01,3.238527E+05,1.018580E+06,3.605732E+01,0.000000E+00,4.145407E+01,4.204652E+05,1.347754E+06,3.605732E+01,0.000000E+00,4.140248E+01,4.162286E+05,1.332702E+06,4.889250E+01,1.002417E+06,3.605732E+01,0.000000E+00,0.000000E+00,4.318210E+01,4.442758E+05,3.605732E+01,0.000000E+00,0.000000E+00,4.845365E+01,9.589207E+05,3.605732E+01,0.000000E+00,0.000000E+00
06:00:00,3.605732E+01,0.000000E+00,4.417557E+01,5.252878E+05,1.228781E+06,3.605732E+01,0.000000E+00,4.227301E+01,3.470976E+05,1.068365E+06,3.605732E+01,0.000000E+00,4.333133E+01,4.429589E+05,1.394550E+06,3.605732E+01,0.000000E+00,4.328848E+01,4.388320E+05,1.379745E+06,4.889276E+01,1.002415E+06,3.605732E+01,0.000000E+00,0.000000E+00,4.318227E+01,4.442743E+05,3.605732E+01,0.000000E+00,0.000000E+00,4.845391E+01,9.589187E+05,3.605732E+01,0.000000E+00,0.000000E+00
06:10:00,3.605732E+01,0.000000E+00,4.586566E+01,5.483722E+05,1.268155E+06,3.605732E+01,0.000000E+00,4.406276E+01,3.714160E+05,1.121018E+06,3.605732E+01,0.000000E+00,4.495830E+01,4.653289E+05,1.443797E+06,3.605732E+01,0.000000E+00,4.492056E+01,4.612629E+05,1.429085E+06,4.894254E+01,1.002139E+06,3.605732E+01,0.000000E+00,0.000000E+00,4.321107E+01,4.441101E+05,3.605732E+01,0.000000E+00,0.000000E+00,4.850360E+01,9.586407E+05,3.605732E+01,0.000000E+00,0.000000E+00
06:20:00,3.605732E+01,0.000000E+00,4.767591E+01,5.729344E+05,1.309726E+06,3.605732E+01,0.000000E+00,4.570308E+01,3.940498E+05,1.169118E+06,3.605732E+01,0.000000E+00,4.670143E+01,4.891205E+05,1.495206E+06,3.605732E+01,0.000000E+00,4.665890E+01,4.849995E+05,1.480366E+06,4.899158E+01,1.001728E+06,3.605732E+01,0.000000E+00,0.000000E+00,4.325396E+01,4.437583E+05,3.605732E+01,0.000000E+00,0.000000E+00,4.855226E+01,9.582333E+05,3.605732E+01,0.000000E+00,0.000000E+00
06:30:00,3.605732E+01,0.000000E+00,4.922025E+01,5.943373E+05,1.343695E+06,3.605732E+01,0.000000E+00,4.722114E+01,4.151895E+05,1.212921E+06,3.605732E+01,0.000000E+00,4.820358E+01,5.100463E+05,1.539532E+06,3.605732E+01,0.000000E+00,4.815556E+01,5.058627E+05,1.524550E+06,4.920191E+01,1.000006E+06,3.605732E+01,0.000000E+00,0.000000E+00,4.345540E+01,4.421162E+05,3.605732E+01,0.000000E+00,0.000000E+00,4.876189E+01,9.565185E+05,3.605732E+01,0.000000E+00,0.000000E+00
06:40:00,3.605732E+01,0.000000E+00,5.074086E+01,6.154756E+05,1.376732E+06,3.605732E+01,0.000000E+00,4.865582E+01,4.353579E+05,1.254495E+06,3.605732E+01,0.000000E+00,4.969121E+01,5.308112E+05,1.583114E+06,3.605732E+01,0.000000E+00,4.963103E+01,5.264887E+05,1.567860E+06,4.933740E+01,9.988720E+05,3.605732E+01,0.000000E+00,0.000000E+00,4.358232E+01,4.410690E+05,3.605732E+01,0.000000E+00,0.000000E+00,4.889698E+01,9.553890E+05,3.605732E+01,0.000000E+00,0.000000E+00
06:50:00,3.605732E+01,0.000000E+00,5.217504E+01,6.356032E+05,1.407431E+06,3.605732E+01,0.000000E+00,5.001113E+01,4.546035E+05,1.293906E+06,3.605732E+01,0.000000E+00,5.112311E+01,5.509173E+05,1.624949E+06,3.605732E+01,0.000000E+00,5.106394E+01,5.466064E+05,1.609683E+06,4.948404E+01,9.976329E+05,3.605732E+01,0.000000E+00,0.000000E+00,4.372316E+01,4.399004E+05,3.605732E+01,0.000000E+00,0.000000E+00,4.904324E+01,9.541549E+05,3.605732E+01,0.000000E+00,0.000000E+00
07:00:00,3.605732E+01,0.000000E+00,5.349351E+01,6.543913E+05,1.435430E+06,3.605732E+01,0.000000E+00,5.124123E+01,4.724022E+05,1.330393E+06,3.605732E+01,0.000000E+00,5.243790E+01,5.696665E+05,1.664029E+06,3.605732E+01,0.000000E+00,5.237561E+01,5.653202E+05,1.648667E+06,4.962677E+01,9.964121E+05,3.605732E+01,0.000000E+00,0.000000E+00,4.386029E+01,4.387544E+05,3.605732E+01,0.000000E+00,0.000000E+00,4.918560E+01,9.529396E+05,3.605732E+01,0.000000E+00,0.000000E+00
07:10:00,3.605732E+01,0.000000E+00,5.469705E+01,6.749980E+05,1.410225E+06,3.605732E+01,0.000000E+00,5.236309E+01,4.922778E+05,1.332210E+06,3.605732E+01,0.000000E+00,5.361257E+01,5.900259E+05,1.654315E+06,3.605732E+01,0.000000E+00,5.355902E+01,5.857850E+05,1.651862E+06,4.942413E+01,9.987345E+05,3.605732E+01,0.000000E+00,0.000000E+00,4.366626E+01,4.407711E+05,3.605732E+01,0.000000E+00,0.000000E+00,4.898363E+01,9.552408E+05,3.605732E+01,0.000000E+00,0.000000E+00
07:20:00,3.605732E+01,0.000000E+00,5.580044E+01,6.941169E+05,1.427579E+06,3.605732E+01,0.000000E+00,5.338670E+01,5.106920E+05,1.372821E+06,3.605732E+01,0.000000E+00,5.469911E+01,6.090382E+05,1.672045E+06,3.605732E+01,0.000000E+00,5.464247E+01,6.047666E+05,1.685239E+06,4.941898E+01,9.990568E+05,3.605732E+01,0.000000E+00,0.000000E+00,4.367163E+01,4.409077E+05,3.605732E+01,0.000000E+00,0.000000E+00,4.897931E+01,9.555495E+05,3.605732E+01,0.000000E+00,0.000000E+00
07:30:00,3.605732E+01,0.000000E+00,5.679879E+01,7.118691E+05,1.417764E+06,3.605732E+01,0.000000E+00,5.432491E+01,5.279555E+05,1.388836E+06,3.605732E+01,0.000000E+00,5.568506E+01,6.267315E+05,1.663527E+06,3.605732E+01,0.000000E+00,5.562764E+01,6.224553E+05,1.676785E+06,4.923912E+01,1.000528E+06,3.605732E+01,0.000000E+00,0.000000E+00,4.350234E+01,4.422881E+05,3.605732E+01,0.000000E+00,0.000000E+00,4.880025E+01,9.570134E+05,3.605732E+01,0.000000E+00,0.000000E+00
07:40:00,3.605732E+01,0.000000E+00,5.770138E+01,7.283989E+05,1.429469E+06,3.605732E+01,0.000000E+00,5.519499E+01,5.442991E+05,1.424965E+06,3.605732E+01,0.000000E+00,5.657704E+01,6.432203E+05,1.675595E+06,3.605732E+01,0.000000E+00,5.652063E+01,6.389593E+05,1.688892E+06,4.921664E+01,1.000711E+06,3.605732E+01,0.000000E+00,0.000000E+00,4.348964E+01,4.423916E+05,3.605732E+01,0.000000E+00,0.000000E+00,4.877856E+01,9.571906E+05,3.605732E+01,0.000000E+00,0.000000E+00
07:50:00,3.605732E+01,0.000000E+00,5.851271E+01,7.437917E+05,1.450376E+06,3.605732E+01,0.000000E+00,5.600389E+01,5.598310E+05,1.470179E+06,3.605732E+01,0.000000E+00,5.737402E+01,6.585288E+05,1.696419E+06,3.605732E+01,0.000000E+00,5.731845E+01,6.542810E+05,1.709731E+06,4.918090E+01,1.001003E+06,3.605732E+01,0.000000E+00,0.000000E+00,4.346346E+01,4.426051E+05,3.605732E+01,0.000000E+00,0.000000E+00,4.874359E+01,9.574764E+05,3.605732E+01,0.000000E+00,0.000000E+00
08:00:00,3.605732E+01,0.000000E+00,5.923783E+01,7.581239E+05,1.470403E+06,3.605732E+01,0.000000E+00,5.672628E+01,5.742906E+05,1.514787E+06,3.605732E+01,0.000000E+00,5.808788E+01,6.728101E+05,1.716383E+06,3.605732E+01,0.000000E+00,5.802891E+01,6.685286E+05,1.729649E+06,4.914725E+01,1.001279E+06,3.605732E+01,0.000000E+00,0.000000E+00,4.343922E+01,4.428027E+05,3.605732E+01,0.000000E+00,0.000000E+00,4.871069E+01,9.577452E+05,3.605732E+01,0.000000E+00,0.000000E+00
08:10:00,3.605732E+01,0.000000E+00,6.004780E+01,7.770649E+05,1.494206E+06,3.605732E+01,0.000000E+00,5.749193E+01,5.927173E+05,1.565721E+06,3.605732E+01,0.000000E+00,5.889305E+01,6.916867E+05,1.740174E+06,3.605732E+01,0.000000E+00,5.883385E+01,6.874020E+05,1.753439E+06,4.913410E+01,1.000586E+06,3.605732E+01,0.000000E+00,0.000000E+00,4.342662E+01,4.423984E+05,3.605732E+01,0.000000E+00,0.000000E+00,4.869756E+01,9.570725E+05,3.605732E+01,0.000000E+00,0.000000E+00
08:20:00,3.605732E+01,0.000000E+00,6.078670E+01,7.957750E+05,1.517666E+06,3.605732E+01,0.000000E+00,5.821066E+01,6.111472E+05,1.617137E+06,3.605732E+01,0.000000E+00,5.962910E+01,7.103397E+05,1.763627E+06,3.605732E+01,0.000000E+00,5.956984E+01,7.060530E+05,1.776892E+06,4.912237E+01,1.000426E+06,3.605732E+01,0.000000E+00,0.000000E+00,4.341535E+01,4.423278E+05,3.605732E+01,0.000000E+00,0.000000E+00,4.868586E+01,9.569191E+05,3.605732E+01,0.000000E+00,0.000000E+00
08:30:00,3.605732E+01,0.000000E+00,6.144980E+01,8.138687E+05,1.539577E+06,3.605732E+01,0.000000E+00,5.884768E+01,6.288872E+05,1.667439E+06,3.605732E+01,0.000000E+00,6.028989E+01,7.283790E+05,1.785559E+06,3.605732E+01,0.000000E+00,6.023063E+01,7.240908E+05,1.798826E+06,4.911200E+01,1.000512E+06,3.605732E+01,0.000000E+00,0.000000E+00,4.340558E+01,4.424082E+05,3.605732E+01,0.000000E+00,0.000000E+00,4.867551E+01,9.570045E+05,3.605732E+01,0.000000E+00,0.000000E+00
08:40:00,3.605732E+01,0.000000E+00,6.203176E+01,8.314207E+05,1.562856E+06,3.605732E+01,0.000000E+00,5.943151E+01,6.463788E+05,1.719655E+06,3.605732E+01,0.000000E+00,6.086973E+01,7.458724E+05,1.808758E+06,3.605732E+01,0.000000E+00,6.081049E+01,7.415827E+05,1.822022E+06,4.910281E+01,1.000587E+06,3.605732E+01,0.000000E+00,0.000000E+00,4.339745E+01,4.424751E+05,3.605732E+01,0.000000E+00,0.000000E+00,4.866634E+01,9.570800E+05,3.605732E+01,0.000000E+00,0.000000E+00
08:50:00,3.605732E+01,0.000000E+00,6.253227E+01,8.482325E+05,1.583599E+06,3.605732E+01,0.000000E+00,5.993262E+01,6.631132E+05,1.765694E+06,3.605732E+01,0.000000E+00,6.136845E+01,7.626279E+05,1.829485E+06,3.605732E+01,0.000000E+00,6.130926E+01,7.583368E+05,1.842750E+06,4.909470E+01,1.000654E+06,3.605732E+01,0.000000E+00,0.000000E+00,4.339025E+01,4.425343E+05,3.605732E+01,0.000000E+00,0.000000E+00,4.865823E+01,9.571466E+05,3.605732E+01,0.000000E+00,0.000000E+00
09:00:00,3.605732E+01,0.000000E+00,6.295048E+01,8.642631E+05,1.603733E+06,3.605732E+01,0.000000E+00,6.035071E+01,6.790576E+05,1.785651E+06,3.605732E+01,0.000000E+00,6.178519E+01,7.786053E+05,1.849583E+06,3.605732E+01,0.000000E+00,6.172603E+01,7.743127E+05,1.862848E+06,4.908747E+01,1.000714E+06,3.605732E+01,0.000000E+00,0.000000E+00,4.338406E+01,4.425853E+05,3.605732E+01,0.000000E+00,0.000000E+00,4.865102E+01,9.572060E+05,3.605732E+01,0.000000E+00,0.000000E+00
09:10:00,3.605732E+01,0.000000E+00,6.317412E+01,8.768500E+05,1.618866E+06,3.605732E+01,0.000000E+00,6.051198E+01,6.908829E+05,1.799654E+06,3.605732E+01,0.000000E+00,6.194347E+01,7.904336E+05,1.863648E+06,3.605732E+01,0.000000E+00,6.188440E+01,7.861405E+05,1.876913E+06,4.908100E+01,1.000767E+06,3.605732E+01,0.000000E+00,0.000000E+00,4.337881E+01,4.426285E+05,3.605732E+01,0.000000E+00,0.000000E+00,4.864456E+01,9.572592E+05,3.605732E+01,0.000000E+00,0.000000E+00
09:20:00,3.605732E+01,0.000000E+00,6.340042E+01,8.891775E+05,1.634333E+06,3.605732E+01,0.000000E+00,6.056817E+01,7.012700E+05,1.812306E+06,3.605732E+01,0.000000E+00,6.208025E+01,8.017422E+05,1.877714E+06,3.605732E+01,0.000000E+00,6.201349E+01,7.973623E+05,1.890857E+06,4.907517E+01,1.000815E+06,3.605732E+01,0.000000E+00,0.000000E+00,4.337407E+01,4.426674E+05,3.605732E+01,0.000000E+00,0.000000E+00,4.863874E+01,9.573071E+05,3.605732E+01,0.000000E+00,0.000000E+00
09:30:00,3.605732E+01,0.000000E+00,6.353296E+01,9.002876E+05,1.647456E+06,3.605732E+01,0.000000E+00,6.059929E+01,7.112152E+05,1.823745E+06,3.605732E+01,0.000000E+00,6.221193E+01,8.128297E+05,1.890874E+06,3.605732E+01,0.000000E+00,6.214522E+01,8.084496E+05,1.904019E+06,4.906991E+01,1.000858E+06,3.605732E+01,0.000000E+00,0.000000E+00,4.336977E+01,4.427028E+05,3.605732E+01,0.000000E+00,0.000000E+00,4.863349E+01,9.573504E+05,3.605732E+01,0.000000E+00,0.000000E+00
09:40:00,3.605732E+01,0.000000E+00,6.357928E+01,9.101273E+05,1.659260E+06,3.605732E+01,0.000000E+00,6.064770E+01,7.210673E+05,1.835545E+06,3.605732E+01,0.000000E+00,6.225769E+01,8.226587E+05,1.902704E+06,3.605732E+01,0.000000E+00,6.219103E+01,8.182789E+05,1.915853E+06,4.906512E+01,1.000898E+06,3.605732E+01,0.000000E+00,0.000000E+00,4.336584E+01,4.427352E+05,3.605732E+01,0.000000E+00,0.000000E+00,4.862870E+01,9.573898E+05,3.605732E+01,0.000000E+00,0.000000E+00
09:50:00,3.605732E+01,0.000000E+00,6.353084E+01,9.187648E+05,1.668972E+06,3.605732E+01,0.000000E+00,6.060018E+01,7.297202E+05,1.845339E+06,3.605732E+01,0.000000E+00,6.220779E+01,8.312864E+05,1.912512E+06,3.605732E+01,0.000000E+00,6.214118E+01,8.269073E+05,1.925663E+06,4.906073E+01,1.000934E+06,3.605732E+01,0.000000E+00,0.000000E+00,4.336223E+01,4.427649E+05,3.605732E+01,0.000000E+00,0.000000E+00,4.862432E+01,9.574258E+05,3.605732E+01,0.000000E+00,0.000000E+00
10:00:00,3.605732E+01,0.000000E+00,6.338998E+01,9.262745E+05,1.678089E+06,3.605732E+01,0.000000E+00,6.046349E+01,7.372954E+05,1.853911E+06,3.605732E+01,0.000000E+00,6.206864E+01,8.388323E+05,1.921127E+06,3.605732E+01,0.000000E+00,6.200210E+01,8.344540E+05,1.934280E+06,4.905671E+01,1.000967E+06,3.605732E+01,0.000000E+00,0.000000E+00,4.335890E+01,4.427923E+05,3.605732E+01,0.000000E+00,0.000000E+00,4.862030E+01,9.574590E+05,3.605732E+01,0.000000E+00,0.000000E+00
10:10:00,3.605732E+01,0.000000E+00,6.316013E+01,9.317070E+05,1.684594E+06,3.605732E+01,0.000000E+00,6.023441E+01,7.427621E+05,1.859645E+06,3.605732E+01,0.000000E+00,6.183824E+01,8.442743E+05,1.926845E+06,3.605732E+01,0.000000E+00,6.177177E+01,8.398970E+05,1.940000E+06,4.905299E+01,1.000998E+06,3.605732E+01,0.000000E+00,0.000000E+00,4.335582E+01,4.428176E+05,3.605732E+01,0.000000E+00,0.000000E+00,4.861662E+01,9.574893E+05,3.605732E+01,0.000000E+00,0.000000E+00
10:20:00,3.605732E+01,0.000000E+00,6.281586E+01,9.357870E+05,1.689083E+06,3.605732E+01,0.000000E+00,5.989546E+01,7.469432E+05,1.863827E+06,3.605732E+01,0.000000E+00,6.149480E+01,8.483855E+05,1.931355E+06,3.605732E+01,0.000000E+00,6.142842E+01,8.440104E+05,1.944530E+06,4.904956E+01,1.001026E+06,3.605732E+01,0.000000E+00,0.000000E+00,4.335296E+01,4.428411E+05,3.605732E+01,0.000000E+00,0.000000E+00,4.861348E+01,9.575151E+05,3.605732E+01,0.000000E+00,0.000000E+00
10:30:00,3.605732E+01,0.000000E+00,6.238111E+01,9.388398E+05,1.691955E+06,3.605732E+01,0.000000E+00,5.946413E+01,7.500742E+05,1.866290E+06,3.605732E+01,0.000000E+00,6.106120E+01,8.514738E+05,1.934384E+06,3.605732E+01,0.000000E+00,6.099493E+01,8.471009E+05,1.947568E+06,4.904664E+01,1.001050E+06,3.605732E+01,0.000000E+00,0.000000E+00,4.335031E+01,4.428630E+05,3.605732E+01,0.000000E+00,0.000000E+00,4.861057E+01,9.575390E+05,3.605732E+01,0.000000E+00,0.000000E+00
10:40:00,3.605732E+01,0.000000E+00,6.186218E+01,9.409206E+05,1.693245E+06,3.605732E+01,0.000000E+00,5.895024E+01,7.522606E+05,1.867830E+06,3.605732E+01,0.000000E+00,6.054376E+01,8.535946E+05,1.935905E+06,3.605732E+01,0.000000E+00,6.047761E+01,8.492242E+05,1.949097E+06,4.904393E+01,1.001072E+06,3.605732E+01,0.000000E+00,0.000000E+00,4.334783E+01,4.428834E+05,3.605732E+01,0.000000E+00,0.000000E+00,4.860787E+01,9.575613E+05,3.605732E+01,0.000000E+00,0.000000E+00
10:50:00,3.605732E+01,0.000000E+00,6.127655E+01,9.422532E+05,1.693306E+06,3.605732E+01,0.000000E+00,5.837146E+01,7.537116E+05,1.868233E+06,3.605732E+01,0.000000E+00,5.996115E+01,8.549767E+05,1.936182E+06,3.605732E+01,0.000000E+00,5.989514E+01,8.506090E+05,1.949382E+06,4.904141E+01,1.001093E+06,3.605732E+01,0.000000E+00,0.000000E+00,4.334552E+01,4.429024E+05,3.605732E+01,0.000000E+00,0.000000E+00,4.860535E+01,9.575821E+05,3.605732E+01,0.000000E+00,0.000000E+00
11:00:00,3.605732E+01,0.000000E+00,6.063344E+01,9.429225E+05,1.692271E+06,3.605732E+01,0.000000E+00,5.773288E+01,7.544668E+05,1.867474E+06,3.605732E+01,0.000000E+00,5.931844E+01,8.556592E+05,1.935234E+06,3.605732E+01,0.000000E+00,5.925258E+01,8.512944E+05,1.948440E+06,4.903907E+01,1.001112E+06,3.605732E+01,0.000000E+00,0.000000E+00,4.334336E+01,4.429201E+05,3.605732E+01,0.000000E+00,0.000000E+00,4.860301E+01,9.576014E+05,3.605732E+01,0.000000E+00,0.000000E+00
11:10:00,3.605732E+01,0.000000E+00,5.994541E+01,9.404593E+05,1.687647E+06,3.605732E+01,0.000000E+00,5.705420E+01,7.521382E+05,1.863143E+06,3.605732E+01,0.000000E+00,5.863399E+01,8.532466E+05,1.930721E+06,3.605732E+01,0.000000E+00,5.856831E+01,8.488849E+05,1.943925E+06,4.903688E+01,1.001130E+06,3.605732E+01,0.000000E+00,0.000000E+00,4.334135E+01,4.429367E+05,3.605732E+01,0.000000E+00,0.000000E+00,4.860082E+01,9.576194E+05,3.605732E+01,0.000000E+00,0.000000E+00
11:20:00,3.605732E+01,0.000000E+00,5.925120E+01,9.379259E+05,1.682768E+06,3.605732E+01,0.000000E+00,5.636613E+01,7.496823E+05,1.858390E+06,3.605732E+01,0.000000E+00,5.794277E+01,8.507483E+05,1.925865E+06,3.605732E+01,0.000000E+00,5.787728E+01,8.463888E+05,1.939068E+06,4.903482E+01,1.001147E+06,3.605732E+01,0.000000E+00,0.000000E+00,4.333946E+01,4.429523E+05,3.605732E+01,0.000000E+00,0.000000E+00,4.859877E+01,9.576363E+05,3.605732E+01,0.000000E+00,0.000000E+00
11:30:00,3.605732E+01,0.000000E+00,5.855982E+01,9.354240E+05,1.677785E+06,3.605732E+01,0.000000E+00,5.568428E+01,7.472979E+05,1.853524E+06,3.605732E+01,0.000000E+00,5.725479E+01,8.482860E+05,1.920887E+06,3.605732E+01,0.000000E+00,5.718950E+01,8.439289E+05,1.934090E+06,4.903290E+01,1.001163E+06,3.605732E+01,0.000000E+00,0.000000E+00,4.333768E+01,4.429669E+05,3.605732E+01,0.000000E+00,0.000000E+00,4.859685E+01,9.576521E+05,3.605732E+01,0.000000E+00,0.000000E+00
11:40:00,3.605732E+01,0.000000E+00,5.788834E+01,9.331458E+05,1.672977E+06,3.605732E+01,0.000000E+00,5.502182E+01,7.451239E+05,1.848758E+06,3.605732E+01,0.000000E+00,5.658698E+01,8.460501E+05,1.916069E+06,3.605732E+01,0.000000E+00,5.652192E+01,8.416954E+05,1.929269E+06,4.903109E+01,1.001178E+06,3.605732E+01,0.000000E+00,0.000000E+00,4.333601E+01,4.429806E+05,3.605732E+01,0.000000E+00,0.000000E+00,4.859504E+01,9.576670E+05,3.605732E+01,0.000000E+00,0.000000E+00
11:50:00,3.605732E+01,0.000000E+00,5.726357E+01,9.313921E+05,1.668777E+06,3.605732E+01,0.000000E+00,5.440630E+01,7.434767E+05,1.844571E+06,3.605732E+01,0.000000E+00,5.596604E+01,8.443405E+05,1.911841E+06,3.605732E+01,0.000000E+00,5.590119E+01,8.399883E+05,1.925038E+06,4.902939E+01,1.001192E+06,3.605732E+01,0.000000E+00,0.000000E+00,4.333444E+01,4.429936E+05,3.605732E+01,0.000000E+00,0.000000E+00,4.859333E+01,9.576810E+05,3.605732E+01,0.000000E+00,0.000000E+00
12:00:00,3.605732E+01,0.000000E+00,5.672143E+01,9.305664E+05,1.665749E+06,3.605732E+01,0.000000E+00,5.387269E+01,7.427491E+05,1.841530E+06,3.605732E+01,0.000000E+00,5.542748E+01,8.435560E+05,1.908782E+06,3.605732E+01,0.000000E+00,5.536282E+01,8.392061E+05,1.921978E+06,4.902777E+01,1.001205E+06,3.605732E+01,0.000000E+00,0.000000E+00,4.333294E+01,4.430059E+05,3.605732E+01,0.000000E+00,0.000000E+00,4.859172E+01,9.576943E+05,3.605732E+01,0.000000E+00,0.000000E+00
12:10:00,3.605732E+01,0.000000E+00,5.630410E+01,9.300917E+05,1.663475E+06,3.605732E+01,0.000000E+00,5.346179E+01,7.423481E+05,1.839229E+06,3.605732E+01,0.000000E+00,5.501280E+01,8.431118E+05,1.906478E+06,3.605732E+01,0.000000E+00,5.494830E+01,8.387637E+05,1.919671E+06,4.902625E+01,1.001218E+06,3.605732E+01,0.000000E+00,0.000000E+00,4.333153E+01,4.430175E+05,3.605732E+01,0.000000E+00,0.000000E+00,4.859019E+01,9.577069E+05,3.605732E+01,0.000000E+00,0.000000E+00
12:20:00,3.605732E+01,0.000000E+00,5.604340E+01,9.313760E+05,1.663541E+06,3.605732E+01,0.000000E+00,5.320464E+01,7.436730E+05,1.839287E+06,3.605732E+01,0.000000E+00,5.475357E+01,8.444129E+05,1.906528E+06,3.605732E+01,0.000000E+00,5.468917E+01,8.400659E+05,1.919720E+06,4.902480E+01,1.001230E+06,3.605732E+01,0.000000E+00,0.000000E+00,4.333019E+01,4.430285E+05,3.605732E+01,0.000000E+00,0.000000E+00,4.858875E+01,9.577188E+05,3.605732E+01,0.000000E+00,0.000000E+00
12:30:00,3.605732E+01,0.000000E+00,5.595962E+01,9.346472E+05,1.666271E+06,3.605732E+01,0.000000E+00,5.312106E+01,7.469461E+05,1.842039E+06,3.605732E+01,0.000000E+00,5.466996E+01,8.476858E+05,1.909261E+06,3.605732E+01,0.000000E+00,5.460559E+01,8.433392E+05,1.922453E+06,4.902344E+01,1.001241E+06,3.605732E+01,0.000000E+00,0.000000E+00,4.332893E+01,4.430389E+05,3.605732E+01,0.000000E+00,0.000000E+00,4.858739E+01,9.577300E+05,3.605732E+01,0.000000E+00,0.000000E+00
12:40:00,3.605732E+01,0.000000E+00,5.606181E+01,9.400069E+05,1.671806E+06,3.605732E+01,0.000000E+00,5.321995E+01,7.522676E+05,1.847632E+06,3.605732E+01,0.000000E+00,5.477084E+01,8.530304E+05,1.914819E+06,3.605732E+01,0.000000E+00,5.470641E+01,8.486830E+05,1.928013E+06,4.902215E+01,1.001252E+06,3.605732E+01,0.000000E+00,0.000000E+00,4.332773E+01,4.430487E+05,3.605732E+01,0.000000E+00,0.000000E+00,4.858610E+01,9.577406E+05,3.605732E+01,0.000000E+00,0.000000E+00
12:50:00,3.605732E+01,0.000000E+00,5.634772E+01,9.474303E+05,1.680105E+06,3.605732E+01,0.000000E+00,5.349912E+01,7.596130E+05,1.856025E+06,3.605732E+01,0.000000E+00,5.505381E+01,8.604197E+05,1.923155E+06,3.605732E+01,0.000000E+00,5.498924E+01,8.560708E+05,1.936350E+06,4.902093E+01,1.001262E+06,3.605732E+01,0.000000E+00,0.000000E+00,4.332660E+01,4.430581E+05,3.605732E+01,0.000000E+00,0.000000E+00,4.858488E+01,9.577507E+05,3.605732E+01,0.000000E+00,0.000000E+00
13:00:00,3.605732E+01,0.000000E+00,5.679832E+01,9.567039E+05,1.690858E+06,3.605732E+01,0.000000E+00,5.394040E+01,7.687788E+05,1.866907E+06,3.605732E+01,0.000000E+00,5.550022E+01,8.696450E+05,1.933961E+06,3.605732E+01,0.000000E+00,5.543546E+01,8.652937E+05,1.947157E+06,4.901977E+01,1.001271E+06,3.605732E+01,0.000000E+00,0.000000E+00,4.332552E+01,4.430669E+05,3.605732E+01,0.000000E+00,0.000000E+00,4.858372E+01,9.577602E+05,3.605732E+01,0.000000E+00,0.000000E+00
13:10:00,3.605732E+01,0.000000E+00,5.738313E+01,9.659097E+05,1.701959E+06,3.605732E+01,0.000000E+00,5.451463E+01,7.778621E+05,1.878163E+06,3.605732E+01,0.000000E+00,5.608023E+01,8.787951E+05,1.945121E+06,3.605732E+01,0.000000E+00,5.601523E+01,8.744412E+05,1.958320E+06,4.901868E+01,1.001280E+06,3.605732E+01,0.000000E+00,0.000000E+00,4.332451E+01,4.430753E+05,3.605732E+01,0.000000E+00,0.000000E+00,4.858263E+01,9.577692E+05,3.605732E+01,0.000000E+00,0.000000E+00
13:20:00,3.605732E+01,0.000000E+00,5.807159E+01,9.762808E+05,1.714548E+06,3.605732E+01,0.000000E+00,5.519223E+01,7.881070E+05,1.890942E+06,3.605732E+01,0.000000E+00,5.676366E+01,8.891079E+05,1.957784E+06,3.605732E+01,0.000000E+00,5.669841E+01,8.847510E+05,1.970987E+06,4.901764E+01,1.001289E+06,3.605732E+01,0.000000E+00,0.000000E+00,4.332354E+01,4.430832E+05,3.605732E+01,0.000000E+00,0.000000E+00,4.858159E+01,9.577777E+05,3.605732E+01,0.000000E+00,0.000000E+00
13:30:00,3.605732E+01,0.000000E+00,5.883603E+01,9.875063E+05,1.728196E+06,3.605732E+01,0.000000E+00,5.594621E+01,7.992107E+05,1.904808E+06,3.605732E+01,0.000000E+00,5.752304E+01,9.002747E+05,1.971515E+06,3.605732E+01,0.000000E+00,5.745753E+01,8.959148E+05,1.984722E+06,4.901666E+01,1.001297E+06,3.605732E+01,0.000000E+00,0.000000E+00,4.332263E+01,4.430907E+05,3.605732E+01,0.000000E+00,0.000000E+00,4.858061E+01,9.577858E+05,3.605732E+01,0.000000E+00,0.000000E+00
13:40:00,3.605732E+01,0.000000E+00,5.967061E+01,9.995211E+05,1.742805E+06,3.605732E+01,0.000000E+00,5.677096E+01,8.111106E+05,1.919660E+06,3.605732E+01,0.000000E+00,5.835275E+01,9.122328E+05,1.986218E+06,3.605732E+01,0.000000E+00,5.828700E+01,9.078702E+05,1.999430E+06,4.901573E+01,1.001304E+06,3.605732E+01,0.000000E+00,0.000000E+00,4.332176E+01,4.430978E+05,3.605732E+01,0.000000E+00,0.000000E+00,4.857968E+01,9.577935E+05,3.605732E+01,0.000000E+00,0.000000E+00
13:50:00,3.605732E+01,0.000000E+00,6.054285E+01,1.011960E+06,1.757870E+06,3.605732E+01,0.000000E+00,5.763452E+01,8.234476E+05,1.934990E+06,3.605732E+01,0.000000E+00,5.922066E+01,9.246213E+05,2.001390E+06,3.605732E+01,0.000000E+00,5.915472E+01,9.202563E+05,2.014607E+06,4.901484E+01,1.001312E+06,3.605732E+01,0.000000E+00,0.000000E+00,4.332094E+01,4.431046E+05,3.605732E+01,0.000000E+00,0.000000E+00,4.857880E+01,9.578008E+05,3.605732E+01,0.000000E+00,0.000000E+00
14:00:00,3.605732E+01,0.000000E+00,6.142504E+01,1.024512E+06,1.772994E+06,3.605732E+01,0.000000E+00,5.850929E+01,8.359118E+05,1.950387E+06,3.605732E+01,0.000000E+00,6.009916E+01,9.371298E+05,2.016626E+06,3.605732E+01,0.000000E+00,6.003303E+01,9.327627E+05,2.029849E+06,4.901401E+01,1.001319E+06,3.605732E+01,0.000000E+00,0.000000E+00,4.332016E+01,4.431110E+05,3.605732E+01,0.000000E+00,0.000000E+00,4.857796E+01,9.578076E+05,3.605732E+01,0.000000E+00,0.000000E+00
14:10:00,3.605732E+01,0.000000E+00,6.229541E+01,1.034304E+06,1.785173E+06,3.605732E+01,0.000000E+00,5.937361E+01,8.456328E+05,1.962827E+06,3.605732E+01,0.000000E+00,6.096652E+01,9.468872E+05,2.028910E+06,3.605732E+01,0.000000E+00,6.090025E+01,9.425184E+05,2.042138E+06,4.901321E+01,1.001325E+06,3.605732E+01,0.000000E+00,0.000000E+00,4.331942E+01,4.431171E+05,3.605732E+01,0.000000E+00,0.000000E+00,4.857716E+01,9.578142E+05,3.605732E+01,0.000000E+00,0.000000E+00
14:20:00,3.605732E+01,0.000000E+00,6.313939E+01,1.043801E+06,1.796924E+06,3.605732E+01,0.000000E+00,6.021020E+01,8.550432E+05,1.974792E+06,3.605732E+01,0.000000E+00,6.180549E+01,9.563264E+05,2.040723E+06,3.605732E+01,0.000000E+00,6.173910E+01,9.519561E+05,2.053956E+06,4.901246E+01,1.001331E+06,3.605732E+01,0.000000E+00,0.000000E+00,4.331872E+01,4.431229E+05,3.605732E+01,0.000000E+00,0.000000E+00,4.857641E+01,9.578204E+05,3.605732E+01,0.000000E+00,0.000000E+00
14:30:00,3.605732E+01,0.000000E+00,6.394757E+01,1.052895E+06,1.808133E+06,3.605732E+01,0.000000E+00,6.100462E+01,8.639803E+05,1.986084E+06,3.605732E+01,0.000000E+00,6.260166E+01,9.652852E+05,2.051870E+06,3.605732E+01,0.000000E+00,6.253519E+01,9.609139E+05,2.065107E+06,4.901174E+01,1.001337E+06,3.605732E+01,0.000000E+00,0.000000E+00,4.331806E+01,4.431284E+05,3.605732E+01,0.000000E+00,0.000000E+00,4.857570E+01,9.578263E+05,3.605732E+01,0.000000E+00,0.000000E+00
14:40:00,3.605732E+01,0.000000E+00,6.467963E+01,1.061134E+06,1.818214E+06,3.605732E+01,0.000000E+00,6.172579E+01,8.720946E+05,1.996261E+06,3.605732E+01,0.000000E+00,6.332387E+01,9.734128E+05,2.061910E+06,3.605732E+01,0.000000E+00,6.325735E+01,9.690409E+05,2.075152E+06,4.901106E+01,1.001343E+06,3.605732E+01,0.000000E+00,0.000000E+00,4.331742E+01,4.431336E+05,3.605732E+01,0.000000E+00,0.000000E+00,4.857502E+01,9.578319E+05,3.605732E+01,0.000000E+00,0.000000E+00
14:50:00,3.605732E+01,0.000000E+00,6.533482E+01,1.068509E+06,1.827177E+06,3.605732E+01,0.000000E+00,6.237353E+01,8.793839E+05,2.005343E+06,3.605732E+01,0.000000E+00,6.397205E+01,9.807083E+05,2.070863E+06,3.605732E+01,0.000000E+00,6.390550E+01,9.763360E+05,2.084110E+06,4.901042E+01,1.001348E+06,3.605732E+01,0.000000E+00,0.000000E+00,4.331682E+01,4.431385E+05,3.605732E+01,0.000000E+00,0.000000E+00,4.857437E+01,9.578372E+05,3.605732E+01,0.000000E+00,0.000000E+00
15:00:00,3.605732E+01,0.000000E+00,6.591270E+01,1.075015E+06,1.835032E+06,3.605732E+01,0.000000E+00,6.294776E+01,8.858470E+05,2.013348E+06,3.605732E+01,0.000000E+00,6.454619E+01,9.871713E+05,2.078748E+06,3.605732E+01,0.000000E+00,6.447963E+01,9.827990E+05,2.092000E+06,4.900981E+01,1.001353E+06,3.605732E+01,0.000000E+00,0.000000E+00,4.331625E+01,4.431432E+05,3.605732E+01,0.000000E+00,0.000000E+00,4.857376E+01,9.578422E+05,3.605732E+01,0.000000E+00,0.000000E+00
15:10:00,3.605732E+01,0.000000E+00,6.640868E+01,1.077447E+06,1.838483E+06,3.605732E+01,0.000000E+00,6.344384E+01,8.882790E+05,2.016969E+06,3.605732E+01,0.000000E+00,6.504163E+01,9.895970E+05,2.082258E+06,3.605732E+01,0.000000E+00,6.497509E+01,9.852249E+05,2.095514E+06,4.900923E+01,1.001358E+06,3.605732E+01,0.000000E+00,0.000000E+00,4.331571E+01,4.431477E+05,3.605732E+01,0.000000E+00,0.000000E+00,4.857318E+01,9.578470E+05,3.605732E+01,0.000000E+00,0.000000E+00
15:20:00,3.605732E+01,0.000000E+00,6.682005E+01,1.078928E+06,1.840754E+06,3.605732E+01,0.000000E+00,6.385911E+01,8.898025E+05,2.019447E+06,3.605732E+01,0.000000E+00,6.545576E+01,9.911082E+05,2.084629E+06,3.605732E+01,0.000000E+00,6.538926E+01,9.867365E+05,2.097888E+06,4.900868E+01,1.001363E+06,3.605732E+01,0.000000E+00,0.000000E+00,4.331521E+01,4.431518E+05,3.605732E+01,0.000000E+00,0.000000E+00,4.857263E+01,9.578515E+05,3.605732E+01,0.000000E+00,0.000000E+00
15:30:00,3.605732E+01,0.000000E+00,6.714525E+01,1.079439E+06,1.841835E+06,3.605732E+01,0.000000E+00,6.419214E+01,8.904008E+05,2.020775E+06,3.605732E+01,0.000000E+00,6.578715E+01,9.916885E+05,2.085850E+06,3.605732E+01,0.000000E+00,6.572070E+01,9.873174E+05,2.099113E+06,4.900816E+01,1.001367E+06,3.605732E+01,0.000000E+00,0.000000E+00,4.331472E+01,4.431558E+05,3.605732E+01,0.000000E+00,0.000000E+00,4.857211E+01,9.578558E+05,3.605732E+01,0.000000E+00,0.000000E+00
15:40:00,3.605732E+01,0.000000E+00,6.738365E+01,1.078974E+06,1.841722E+06,3.605732E+01,0.000000E+00,6.444241E+01,8.900683E+05,2.020950E+06,3.605732E+01,0.000000E+00,6.603531E+01,9.913324E+05,2.085928E+06,3.605732E+01,0.000000E+00,6.596894E+01,9.869622E+05,2.099195E+06,4.900768E+01,1.001371E+06,3.605732E+01,0.000000E+00,0.000000E+00,4.331427E+01,4.431595E+05,3.605732E+01,0.000000E+00,0.000000E+00,4.857163E+01,9.578597E+05,3.605732E+01,0.000000E+00,0.000000E+00
15:50:00,3.605732E+01,0.000000E+00,6.753197E+01,1.077495E+06,1.840365E+06,3.605732E+01,0.000000E+00,6.460967E+01,8.888018E+05,2.019975E+06,3.605732E+01,0.000000E+00,6.619987E+01,9.900358E+05,2.084860E+06,3.605732E+01,0.000000E+00,6.613360E+01,9.856667E+05,2.098129E+06,4.900723E+01,1.001374E+06,3.605732E+01,0.000000E+00,0.000000E+00,4.331385E+01,4.431630E+05,3.605732E+01,0.000000E+00,0.000000E+00,4.857118E+01,9.578634E+05,3.605732E+01,0.000000E+00,0.000000E+00
16:00:00,3.605732E+01,0.000000E+00,6.760977E+01,1.075222E+06,1.838108E+06,3.605732E+01,0.000000E+00,6.469446E+01,8.866076E+05,2.017887E+06,3.605732E+01,0.000000E+00,6.628156E+01,9.878067E+05,2.082684E+06,3.605732E+01,0.000000E+00,6.621541E+01,9.834389E+05,2.095956E+06,4.900681E+01,1.001378E+06,3.605732E+01,0.000000E+00,0.000000E+00,4.331345E+01,4.431662E+05,3.605732E+01,0.000000E+00,0.000000E+00,4.857076E+01,9.578669E+05,3.605732E+01,0.000000E+00,0.000000E+00
16:10:00,3.605732E+01,0.000000E+00,6.761133E+01,1.071041E+06,1.833762E+06,3.605732E+01,0.000000E+00,6.470181E+01,8.824912E+05,2.013669E+06,3.605732E+01,0.000000E+00,6.628545E+01,9.836514E+05,2.078384E+06,3.605732E+01,0.000000E+00,6.621942E+01,9.792850E+05,2.091659E+06,4.900641E+01,1.001381E+06,3.605732E+01,0.000000E+00,0.000000E+00,4.331308E+01,4.431693E+05,3.605732E+01,0.000000E+00,0.000000E+00,4.857036E+01,9.578702E+05,3.605732E+01,0.000000E+00,0.000000E+00
16:20:00,3.605732E+01,0.000000E+00,6.753785E+01,1.066015E+06,1.828409E+06,3.605732E+01,0.000000E+00,6.463451E+01,8.775348E+05,2.008435E+06,3.605732E+01,0.000000E+00,6.621443E+01,9.786531E+05,2.073074E+06,3.605732E+01,0.000000E+00,6.614855E+01,9.742883E+05,2.086352E+06,4.900604E+01,1.001384E+06,3.605732E+01,0.000000E+00,0.000000E+00,4.331272E+01,4.431723E+05,3.605732E+01,0.000000E+00,0.000000E+00,4.856999E+01,9.578733E+05,3.605732E+01,0.000000E+00,0.000000E+00
16:30:00,3.605732E+01,0.000000E+00,6.739244E+01,1.060179E+06,1.822081E+06,3.605732E+01,0.000000E+00,6.449550E+01,8.717715E+05,2.002216E+06,3.605732E+01,0.000000E+00,6.607161E+01,9.728468E+05,2.066787E+06,3.605732E+01,0.000000E+00,6.600587E+01,9.684836E+05,2.080067E+06,4.900567E+01,1.001387E+06,3.605732E+01,0.000000E+00,0.000000E+00,4.331238E+01,4.431751E+05,3.605732E+01,0.000000E+00,0.000000E+00,4.856962E+01,9.578763E+05,3.605732E+01,0.000000E+00,0.000000E+00
16:40:00,3.605732E+01,0.000000E+00,6.717430E+01,1.053525E+06,1.814745E+06,3.605732E+01,0.000000E+00,6.428402E+01,8.651926E+05,1.994974E+06,3.605732E+01,0.000000E+00,6.585614E+01,9.662228E+05,2.059485E+06,3.605732E+01,0.000000E+00,6.579054E+01,9.618613E+05,2.072768E+06,4.900532E+01,1.001390E+06,3.605732E+01,0.000000E+00,0.000000E+00,4.331205E+01,4.431778E+05,3.605732E+01,0.000000E+00,0.000000E+00,4.856927E+01,9.578792E+05,3.605732E+01,0.000000E+00,0.000000E+00
16:50:00,3.605732E+01,0.000000E+00,6.688079E+01,1.046022E+06,1.806351E+06,3.605732E+01,0.000000E+00,6.404207E+01,8.582704E+05,1.987395E+06,3.605732E+01,0.000000E+00,6.556532E+01,9.587510E+05,2.051119E+06,3.605732E+01,0.000000E+00,6.549988E+01,9.543911E+05,2.064404E+06,4.900498E+01,1.001393E+06,3.605732E+01,0.000000E+00,0.000000E+00,4.331173E+01,4.431804E+05,3.605732E+01,0.000000E+00,0.000000E+00,4.856893E+01,9.578820E+05,3.605732E+01,0.000000E+00,0.000000E+00
17:00:00,3.605732E+01,0.000000E+00,6.650650E+01,1.037611E+06,1.796816E+06,3.605732E+01,0.000000E+00,6.376953E+01,8.510035E+05,1.979486E+06,3.605732E+01,0.000000E+00,6.519382E+01,9.503713E+05,2.041603E+06,3.605732E+01,0.000000E+00,6.512853E+01,9.460132E+05,2.054889E+06,4.900465E+01,1.001396E+06,3.605732E+01,0.000000E+00,0.000000E+00,4.331143E+01,4.431829E+05,3.605732E+01,0.000000E+00,0.000000E+00,4.856860E+01,9.578847E+05,3.605732E+01,0.000000E+00,0.000000E+00
17:10:00,3.605732E+01,0.000000E+00,6.597404E+01,1.026369E+06,1.783953E+06,3.605732E+01,0.000000E+00,6.333199E+01,8.408301E+05,1.968090E+06,3.605732E+01,0.000000E+00,6.471485E+01,9.397315E+05,2.029561E+06,3.605732E+01,0.000000E+00,6.465708E+01,9.354581E+05,2.042968E+06,4.900434E+01,1.001398E+06,3.605732E+01,0.000000E+00,0.000000E+00,4.331113E+01,4.431853E+05,3.605732E+01,0.000000E+00,0.000000E+00,4.856829E+01,9.578873E+05,3.605732E+01,0.000000E+00,0.000000E+00
17:20:00,3.605732E+01,0.000000E+00,6.534014E+01,1.013974E+06,1.769082E+06,3.605732E+01,0.000000E+00,6.278898E+01,8.294571E+05,1.954552E+06,3.605732E+01,0.000000E+00,6.416764E+01,9.283120E+05,2.016030E+06,3.605732E+01,0.000000E+00,6.411004E+01,9.240404E+05,2.029437E+06,4.900404E+01,1.001401E+06,3.605732E+01,0.000000E+00,0.000000E+00,4.331085E+01,4.431876E+05,3.605732E+01,0.000000E+00,0.000000E+00,4.856799E+01,9.578897E+05,3.605732E+01,0.000000E+00,0.000000E+00
17:30:00,3.605732E+01,0.000000E+00,6.466371E+01,1.001092E+06,1.753462E+06,3.605732E+01,0.000000E+00,6.213451E+01,8.168196E+05,1.939099E+06,3.605732E+01,0.000000E+00,6.350858E+01,9.156263E+05,2.000621E+06,3.605732E+01,0.000000E+00,6.345115E+01,9.113567E+05,2.014023E+06,4.900376E+01,1.001403E+06,3.605732E+01,0.000000E+00,0.000000E+00,4.331059E+01,4.431898E+05,3.605732E+01,0.000000E+00,0.000000E+00,4.856771E+01,9.578921E+05,3.605732E+01,0.000000E+00,0.000000E+00
17:40:00,3.605732E+01,0.000000E+00,6.388072E+01,9.870075E+05,1.736342E+06,3.605732E+01,0.000000E+00,6.136060E+01,8.028313E+05,1.921903E+06,3.605732E+01,0.000000E+00,6.272943E+01,9.015861E+05,1.983498E+06,3.605732E+01,0.000000E+00,6.267221E+01,8.973189E+05,1.996896E+06,4.900348E+01,1.001405E+06,3.605732E+01,0.000000E+00,0.000000E+00,4.331033E+01,4.431919E+05,3.605732E+01,0.000000E+00,0.000000E+00,4.856744E+01,9.578943E+05,3.605732E+01,0.000000E+00,0.000000E+00
17:50:00,3.605732E+01,0.000000E+00,6.297086E+01,9.714955E+05,1.717546E+06,3.605732E+01,0.000000E+00,6.046103E+01,7.874260E+05,1.903000E+06,3.605732E+01,0.000000E+00,6.182391E+01,8.861245E+05,1.964699E+06,3.605732E+01,0.000000E+00,6.176691E+01,8.818598E+05,1.978097E+06,4.900322E+01,1.001407E+06,3.605732E+01,0.000000E+00,0.000000E+00,4.331009E+01,4.431939E+05,3.605732E+01,0.000000E+00,0.000000E+00,4.856717E+01,9.578965E+05,3.605732E+01,0.000000E+00,0.000000E+00
18:00:00,3.605732E+01,0.000000E+00,6.189639E+01,9.541341E+05,1.696537E+06,3.605732E+01,0.000000E+00,5.939883E+01,7.701909E+05,1.881832E+06,3.605732E+01,0.000000E+00,6.075461E+01,8.688221E+05,1.943665E+06,3.605732E+01,0.000000E+00,6.069789E+01,8.645601E+05,1.957059E+06,4.900298E+01,1.001410E+06,3.605732E+01,0.000000E+00,0.000000E+00,4.330985E+01,4.431958E+05,3.605732E+01,0.000000E+00,0.000000E+00,4.856693E+01,9.578985E+05,3.605732E+01,0.000000E+00,0.000000E+00
18:10:00,3.605732E+01,0.000000E+00,6.073486E+01,9.331692E+05,1.671691E+06,3.605732E+01,0.000000E+00,5.825147E+01,7.493713E+05,1.856769E+06,3.605732E+01,0.000000E+00,5.959909E+01,8.479231E+05,1.918752E+06,3.605732E+01,0.000000E+00,5.954268E+01,8.436642E+05,1.932141E+06,4.900274E+01,1.001411E+06,3.605732E+01,0.000000E+00,0.000000E+00,4.330963E+01,4.431977E+05,3.605732E+01,0.000000E+00,0.000000E+00,4.856669E+01,9.579005E+05,3.605732E+01,0.000000E+00,0.000000E+00
18:20:00,3.605732E+01,0.000000E+00,5.942350E+01,9.105337E+05,1.644729E+06,3.605732E+01,0.000000E+00,5.695634E+01,7.269036E+05,1.829510E+06,3.605732E+01,0.000000E+00,5.829454E+01,8.253591E+05,1.891669E+06,3.605732E+01,0.000000E+00,5.823850E+01,8.211039E+05,1.905050E+06,4.900251E+01,1.001413E+06,3.605732E+01,0.000000E+00,0.000000E+00,4.330942E+01,4.431994E+05,3.605732E+01,0.000000E+00,0.000000E+00,4.856646E+01,9.579023E+05,3.605732E+01,0.000000E+00,0.000000E+00
18:30:00,3.605732E+01,0.000000E+00,5.795505E+01,8.861426E+05,1.615413E+06,3.605732E+01,0.000000E+00,5.550704E+01,7.027154E+05,1.799819E+06,3.605732E+01,0.000000E+00,5.683403E+01,8.010498E+05,1.862179E+06,3.605732E+01,0.000000E+00,5.677841E+01,7.967988E+05,1.875550E+06,4.900230E+01,1.001415E+06,3.605732E+01,0.000000E+00,0.000000E+00,4.330922E+01,4.432011E+05,3.605732E+01,0.000000E+00,0.000000E+00,4.856625E+01,9.579041E+05,3.605732E+01,0.000000E+00,0.000000E+00
18:40:00,3.605732E+01,0.000000E+00,5.632857E+01,8.599817E+05,1.583587E+06,3.605732E+01,0.000000E+00,5.390291E+01,6.767988E+05,1.767539E+06,3.605732E+01,0.000000E+00,5.521682E+01,7.749851E+05,1.830130E+06,3.605732E+01,0.000000E+00,5.516170E+01,7.707393E+05,1.843490E+06,4.900209E+01,1.001417E+06,3.605732E+01,0.000000E+00,0.000000E+00,4.330902E+01,4.432027E+05,3.605732E+01,0.000000E+00,0.000000E+00,4.856604E+01,9.579058E+05,3.605732E+01,0.000000E+00,0.000000E+00
18:50:00,3.605732E+01,0.000000E+00,5.452695E+01,8.318568E+05,1.548836E+06,3.605732E+01,0.000000E+00,5.212790E+01,6.489738E+05,1.732243E+06,3.605732E+01,0.000000E+00,5.342618E+01,7.469771E+05,1.795104E+06,3.605732E+01,0.000000E+00,5.337165E+01,7.427378E+05,1.808450E+06,4.900189E+01,1.001418E+06,3.605732E+01,0.000000E+00,0.000000E+00,4.330884E+01,4.432042E+05,3.605732E+01,0.000000E+00,0.000000E+00,4.856584E+01,9.579074E+05,3.605732E+01,0.000000E+00,0.000000E+00
19:00:00,3.605732E+01,0.000000E+00,5.253963E+01,8.016506E+05,1.510805E+06,3.605732E+01,0.000000E+00,5.017327E+01,6.191450E+05,1.693571E+06,3.605732E+01,0.000000E+00,5.145224E+01,7.169186E+05,1.756745E+06,3.605732E+01,0.000000E+00,5.139842E+01,7.126875E+05,1.770073E+06,4.900170E+01,1.001420E+06,3.605732E+01,0.000000E+00,0.000000E+00,4.330866E+01,4.432057E+05,3.605732E+01,0.000000E+00,0.000000E+00,4.856565E+01,9.579090E+05,3.605732E+01,0.000000E+00,0.000000E+00
19:10:00,3.605732E+01,0.000000E+00,5.041154E+01,7.719725E+05,1.472139E+06,3.605732E+01,0.000000E+00,4.808527E+01,5.899369E+05,1.654186E+06,3.605732E+01,0.000000E+00,4.934036E+01,6.874258E+05,1.717706E+06,3.605732E+01,0.000000E+00,4.928741E+01,6.832051E+05,1.731016E+06,4.900152E+01,1.001421E+06,3.605732E+01,0.000000E+00,0.000000E+00,4.330849E+01,4.432071E+05,3.605732E+01,0.000000E+00,0.000000E+00,4.856547E+01,9.579105E+05,3.605732E+01,0.000000E+00,0.000000E+00
19:20:00,3.605732E+01,0.000000E+00,4.824599E+01,7.418276E+05,1.431139E+06,3.605732E+01,0.000000E+00,4.596841E+01,5.603743E+05,1.612605E+06,3.605732E+01,0.000000E+00,4.719436E+01,6.575128E+05,1.676382E+06,3.605732E+01,0.000000E+00,4.714246E+01,6.533049E+05,1.689676E+06,4.900135E+01,1.001423E+06,3.605732E+01,0.000000E+00,0.000000E+00,4.330833E+01,4.432084E+05,3.605732E+01,0.000000E+00,0.000000E+00,4.856530E+01,9.579119E+05,3.605732E+01,0.000000E+00,0.000000E+00
19:30:00,3.605732E+01,0.000000E+00,4.622874E+01,7.133325E+05,1.391603E+06,3.605732E+01,0.000000E+00,4.400308E+01,5.325107E+05,1.572479E+06,3.605732E+01,0.000000E+00,4.519702E+01,6.292616E+05,1.636487E+06,3.605732E+01,0.000000E+00,4.514623E+01,6.250673E+05,1.649764E+06,4.900119E+01,1.001424E+06,3.605732E+01,0.000000E+00,0.000000E+00,4.330818E+01,4.432096E+05,3.605732E+01,0.000000E+00,0.000000E+00,4.856514E+01,9.579132E+05,3.605732E+01,0.000000E+00,0.000000E+00
19:40:00,3.605732E+01,0.000000E+00,4.443880E+01,6.873996E+05,1.355134E+06,3.605732E+01,0.000000E+00,4.226485E+01,5.072159E+05,1.535438E+06,3.605732E+01,0.000000E+00,4.342625E+01,6.035693E+05,1.599649E+06,3.605732E+01,0.000000E+00,4.337654E+01,5.993886E+05,1.612909E+06,4.900103E+01,1.001425E+06,3.605732E+01,0.000000E+00,0.000000E+00,4.330803E+01,4.432108E+05,3.605732E+01,0.000000E+00,0.000000E+00,4.856498E+01,9.579145E+05,3.605732E+01,0.000000E+00,0.000000E+00
19:50:00,3.605732E+01,0.000000E+00,4.293488E+01,6.646802E+05,1.322843E+06,3.605732E+01,0.000000E+00,4.081081E+01,4.851230E+05,1.502754E+06,3.605732E+01,0.000000E+00,4.194023E+01,5.810811E+05,1.567065E+06,3.605732E+01,0.000000E+00,4.189155E+01,5.769135E+05,1.580311E+06,4.900089E+01,1.001427E+06,3.605732E+01,0.000000E+00,0.000000E+00,4.330792E+01,4.432117E+05,3.605732E+01,0.000000E+00,0.000000E+00,4.856483E+01,9.579157E+05,3.605732E+01,0.000000E+00,0.000000E+00
20:00:00,3.605732E+01,0.000000E+00,4.179528E+01,6.460568E+05,1.296474E+06,3.605732E+01,0.000000E+00,3.971620E+01,4.670745E+05,1.476180E+06,3.605732E+01,0.000000E+00,4.081614E+01,5.626639E+05,1.540484E+06,3.605732E+01,0.000000E+00,4.076839E+01,5.585083E+05,1.553722E+06,4.900074E+01,1.001428E+06,3.605732E+01,0.000000E+00,0.000000E+00,4.330782E+01,4.432126E+05,3.605732E+01,0.000000E+00,0.000000E+00,4.856469E+01,9.579169E+05,3.605732E+01,0.000000E+00,0.000000E+00
20:10:00,3.605732E+01,0.000000E+00,4.092982E+01,6.315710E+05,1.275823E+06,3.605732E+01,0.000000E+00,3.889023E+01,4.531029E+05,1.455460E+06,3.605732E+01,0.000000E+00,3.996364E+01,5.483565E+05,1.519682E+06,3.605732E+01,0.000000E+00,3.991668E+01,5.442114E+05,1.532914E+06,4.900061E+01,1.001429E+06,3.605732E+01,0.000000E+00,0.000000E+00,4.330773E+01,4.432134E+05,3.605732E+01,0.000000E+00,0.000000E+00,4.856456E+01,9.579180E+05,3.605732E+01,0.000000E+00,0.000000E+00
20:20:00,3.605732E+01,0.000000E+00,4.031967E+01,6.199534E+05,1.259690E+06,3.605732E+01,0.000000E+00,3.831224E+01,4.419148E+05,1.439348E+06,3.605732E+01,0.000000E+00,3.936302E+01,5.368782E+05,1.503437E+06,3.605732E+01,0.000000E+00,3.931669E+01,5.327417E+05,1.516666E+06,4.900048E+01,1.001430E+06,3.605732E+01,0.000000E+00,0.000000E+00,4.330763E+01,4.432141E+05,3.605732E+01,0.000000E+00,0.000000E+00,4.856443E+01,9.579191E+05,3.605732E+01,0.000000E+00,0.000000E+00
20:30:00,3.605732E+01,0.000000E+00,3.981879E+01,6.095771E+05,1.245570E+06,3.605732E+01,0.000000E+00,3.783964E+01,4.319225E+05,1.425227E+06,3.605732E+01,0.000000E+00,3.887066E+01,5.266292E+05,1.489206E+06,3.605732E+01,0.000000E+00,3.882489E+01,5.225005E+05,1.502431E+06,4.900036E+01,1.001431E+06,3.605732E+01,0.000000E+00,0.000000E+00,4.330755E+01,4.432148E+05,3.605732E+01,0.000000E+00,0.000000E+00,4.856430E+01,9.579201E+05,3.605732E+01,0.000000E+00,0.000000E+00
20:40:00,3.605732E+01,0.000000E+00,3.937535E+01,5.998626E+05,1.232470E+06,3.605732E+01,0.000000E+00,3.743767E+01,4.227351E+05,1.412428E+06,3.605732E+01,0.000000E+00,3.843574E+01,5.170416E+05,1.476011E+06,3.605732E+01,0.000000E+00,3.839053E+01,5.129208E+05,1.489234E+06,4.900024E+01,1.001432E+06,3.605732E+01,0.000000E+00,0.000000E+00,4.330746E+01,4.432155E+05,3.605732E+01,0.000000E+00,0.000000E+00,4.856419E+01,9.579211E+05,3.605732E+01,0.000000E+00,0.000000E+00
20:50:00,3.605732E+01,0.000000E+00,3.897609E+01,5.906582E+05,1.220125E+06,3.605732E+01,0.000000E+00,3.714602E+01,4.147785E+05,1.401750E+06,3.605732E+01,0.000000E+00,3.804491E+01,5.079631E+05,1.463601E+06,3.605732E+01,0.000000E+00,3.800027E+01,5.038502E+05,1.476822E+06,4.900013E+01,1.001433E+06,3.605732E+01,0.000000E+00,0.000000E+00,4.330738E+01,4.432162E+05,3.605732E+01,0.000000E+00,0.000000E+00,4.856407E+01,9.579220E+05,3.605732E+01,0.000000E+00,0.000000E+00
21:00:00,3.605732E+01,0.000000E+00,3.861167E+01,5.818574E+05,1.208382E+06,3.605732E+01,0.000000E+00,3.692283E+01,4.075857E+05,1.388814E+06,3.605732E+01,0.000000E+00,3.769451E+01,4.993495E+05,1.451918E+06,3.605732E+01,0.000000E+00,3.765363E+01,4.952793E+05,1.465202E+06,4.900002E+01,1.001434E+06,3.605732E+01,0.000000E+00,0.000000E+00,4.330730E+01,4.432168E+05,3.605732E+01,0.000000E+00,0.000000E+00,4.856397E+01,9.579229E+05,3.605732E+01,0.000000E+00,0.000000E+00
21:10:00,3.605732E+01,0.000000E+00,3.832113E+01,5.738835E+05,1.197991E+06,3.605732E+01,0.000000E+00,3.676065E+01,4.010695E+05,1.366591E+06,3.605732E+01,0.000000E+00,3.745009E+01,4.919109E+05,1.442251E+06,3.605732E+01,0.000000E+00,3.741145E+01,4.878666E+05,1.455570E+06,4.892431E+01,1.002057E+06,3.605732E+01,0.000000E+00,0.000000E+00,4.323259E+01,4.438316E+05,3.605732E+01,0.000000E+00,0.000000E+00,4.848862E+01,9.585434E+05,3.605732E+01,0.000000E+00,0.000000E+00
21:20:00,3.605732E+01,0.000000E+00,3.806085E+01,5.662635E+05,1.188122E+06,3.605732E+01,0.000000E+00,3.662118E+01,3.948114E+05,1.344911E+06,3.605732E+01,0.000000E+00,3.723373E+01,4.847963E+05,1.433097E+06,3.605732E+01,0.000000E+00,3.719569E+01,4.807598E+05,1.446422E+06,4.886591E+01,1.002549E+06,3.605732E+01,0.000000E+00,0.000000E+00,4.317552E+01,4.443012E+05,3.605732E+01,0.000000E+00,0.000000E+00,4.842975E+01,9.590355E+05,3.605732E+01,0.000000E+00,0.000000E+00
21:30:00,3.605732E+01,0.000000E+00,3.783550E+01,5.590390E+05,1.178900E+06,3.605732E+01,0.000000E+00,3.650572E+01,3.888212E+05,1.323819E+06,3.605732E+01,0.000000E+00,3.703474E+01,4.778833E+05,1.424261E+06,3.605732E+01,0.000000E+00,3.699736E+01,4.738552E+05,1.437586E+06,4.884563E+01,1.002730E+06,3.605732E+01,0.000000E+00,0.000000E+00,4.315720E+01,4.444519E+05,3.605732E+01,0.000000E+00,0.000000E+00,4.840873E+01,9.592218E+05,3.605732E+01,0.000000E+00,0.000000E+00
21:40:00,3.605732E+01,0.000000E+00,3.764250E+01,5.521776E+05,1.170303E+06,3.605732E+01,0.000000E+00,3.640407E+01,3.829862E+05,1.303118E+06,3.605732E+01,0.000000E+00,3.685245E+01,4.711621E+05,1.415759E+06,3.605732E+01,0.000000E+00,3.681777E+01,4.671642E+05,1.429133E+06,4.883257E+01,1.002842E+06,3.605732E+01,0.000000E+00,0.000000E+00,4.314987E+01,4.445122E+05,3.605732E+01,0.000000E+00,0.000000E+00,4.839497E+01,9.593398E+05,3.605732E+01,0.000000E+00,0.000000E+00
21:50:00,3.605732E+01,0.000000E+00,3.746410E+01,5.454890E+05,1.162001E+06,3.605732E+01,0.000000E+00,3.631189E+01,3.772595E+05,1.282720E+06,3.605732E+01,0.000000E+00,3.671454E+01,4.649310E+05,1.408136E+06,3.605732E+01,0.000000E+00,3.668949E+01,4.610377E+05,1.421694E+06,4.882616E+01,1.002895E+06,3.605732E+01,0.000000E+00,0.000000E+00,4.315496E+01,4.444703E+05,3.605732E+01,0.000000E+00,0.000000E+00,4.838821E+01,9.593952E+05,3.605732E+01,0.000000E+00,0.000000E+00
22:00:00,3.605732E+01,0.000000E+00,3.729731E+01,5.389374E+05,1.153929E+06,3.605732E+01,0.000000E+00,3.622796E+01,3.716261E+05,1.262593E+06,3.605732E+01,0.000000E+00,3.659634E+01,4.589198E+05,1.400906E+06,3.605732E+01,0.000000E+00,3.657197E+01,4.550345E+05,1.414475E+06,4.883112E+01,1.002858E+06,3.605732E+01,0.000000E+00,0.000000E+00,4.316032E+01,4.444262E+05,3.605732E+01,0.000000E+00,0.000000E+00,4.839664E+01,9.593325E+05,3.605732E+01,0.000000E+00,0.000000E+00
22:10:00,3.605732E+01,0.000000E+00,3.715886E+01,5.337501E+05,1.147483E+06,3.605732E+01,0.000000E+00,3.615691E+01,3.671851E+05,1.246897E+06,3.605732E+01,0.000000E+00,3.650351E+01,4.542371E+05,1.395266E+06,3.605732E+01,0.000000E+00,3.648534E+01,4.504187E+05,1.408953E+06,4.883155E+01,1.002862E+06,3.605732E+01,0.000000E+00,0.000000E+00,4.316072E+01,4.444230E+05,3.605732E+01,0.000000E+00,0.000000E+00,4.839707E+01,9.593365E+05,3.605732E+01,0.000000E+00,0.000000E+00
22:20:00,3.605732E+01,0.000000E+00,3.703159E+01,5.286904E+05,1.141253E+06,3.605732E+01,0.000000E+00,3.612027E+01,3.631145E+05,1.231945E+06,3.605732E+01,0.000000E+00,3.643036E+01,4.497696E+05,1.390012E+06,3.605732E+01,0.000000E+00,3.641337E+01,4.459642E+05,1.403720E+06,4.883564E+01,1.002837E+06,3.605732E+01,0.000000E+00,0.000000E+00,4.316121E+01,4.444190E+05,3.605732E+01,0.000000E+00,0.000000E+00,4.839761E+01,9.593367E+05,3.605732E+01,0.000000E+00,0.000000E+00
22:30:00,3.605732E+01,0.000000E+00,3.691479E+01,5.237490E+05,1.135224E+06,3.605732E+01,0.000000E+00,3.611279E+01,3.593562E+05,1.217630E+06,3.605732E+01,0.000000E+00,3.636488E+01,4.453872E+05,1.384910E+06,3.605732E+01,0.000000E+00,3.635018E+01,4.416065E+05,1.398660E+06,4.884230E+01,1.002791E+06,3.605732E+01,0.000000E+00,0.000000E+00,4.316177E+01,4.444144E+05,3.605732E+01,0.000000E+00,0.000000E+00,4.840334E+01,9.592965E+05,3.605732E+01,0.000000E+00,0.000000E+00
22:40:00,3.605732E+01,0.000000E+00,3.681044E+01,5.189451E+05,1.129432E+06,3.605732E+01,0.000000E+00,3.610600E+01,3.556056E+05,1.203391E+06,3.605732E+01,0.000000E+00,3.630922E+01,4.411117E+05,1.380000E+06,3.605732E+01,0.000000E+00,3.629546E+01,4.373414E+05,1.393768E+06,4.885002E+01,1.002737E+06,3.605732E+01,0.000000E+00,0.000000E+00,4.316236E+01,4.444096E+05,3.605732E+01,0.000000E+00,0.000000E+00,4.841126E+01,9.592407E+05,3.605732E+01,0.000000E+00,0.000000E+00
22:50:00,3.605732E+01,0.000000E+00,3.671401E+01,5.142292E+05,1.123792E+06,3.605732E+01,0.000000E+00,3.610364E+01,3.519024E+05,1.189300E+06,3.605732E+01,0.000000E+00,3.625938E+01,4.369000E+05,1.375205E+06,3.605732E+01,0.000000E+00,3.624621E+01,4.331360E+05,1.388982E+06,4.885260E+01,1.002718E+06,3.605732E+01,0.000000E+00,0.000000E+00,4.316296E+01,4.444046E+05,3.605732E+01,0.000000E+00,0.000000E+00,4.841369E+01,9.592231E+05,3.605732E+01,0.000000E+00,0.000000E+00
23:00:00,3.605732E+01,0.000000E+00,3.663142E+01,5.096633E+05,1.118416E+06,3.605732E+01,0.000000E+00,3.610229E+01,3.482100E+05,1.175289E+06,3.605732E+01,0.000000E+00,3.621492E+01,4.327465E+05,1.370516E+06,3.605732E+01,0.000000E+00,3.620218E+01,4.289874E+05,1.384299E+06,4.885565E+01,1.002696E+06,3.605732E+01,0.000000E+00,0.000000E+00,4.316357E+01,4.443997E+05,3.605732E+01,0.000000E+00,0.000000E+00,4.841679E+01,9.592007E+05,3.605732E+01,0.000000E+00,0.000000E+00
23:10:00,3.605732E+01,0.000000E+00,3.655490E+01,5.051641E+05,1.113155E+06,3.605732E+01,0.000000E+00,3.610136E+01,3.445221E+05,1.161345E+06,3.605732E+01,0.000000E+00,3.617429E+01,4.286347E+05,1.365901E+06,3.605732E+01,0.000000E+00,3.616147E+01,4.248748E+05,1.379682E+06,4.885815E+01,1.002678E+06,3.605732E+01,0.000000E+00,0.000000E+00,4.316417E+01,4.443947E+05,3.605732E+01,0.000000E+00,0.000000E+00,4.841928E+01,9.591826E+05,3.605732E+01,0.000000E+00,0.000000E+00
23:20:00,3.605732E+01,0.000000E+00,3.648759E+01,5.007648E+05,1.108070E+06,3.605732E+01,0.000000E+00,3.610116E+01,3.408421E+05,1.147476E+06,3.605732E+01,0.000000E+00,3.613779E+01,4.245677E+05,1.361368E+06,3.605732E+01,0.000000E+00,3.613255E+01,4.208886E+05,1.375294E+06,4.886033E+01,1.002662E+06,3.605732E+01,0.000000E+00,0.000000E+00,4.316476E+01,4.443899E+05,3.605732E+01,0.000000E+00,0.000000E+00,4.842146E+01,9.591667E+05,3.605732E+01,0.000000E+00,0.000000E+00
23:30:00,3.605732E+01,0.000000E+00,3.643508E+01,4.965243E+05,1.103268E+06,3.605732E+01,0.000000E+00,3.610098E+01,3.371621E+05,1.133667E+06,3.605732E+01,0.000000E+00,3.612524E+01,4.207560E+05,1.357302E+06,3.605732E+01,0.000000E+00,3.612035E+01,4.170807E+05,1.371232E+06,4.886224E+01,1.002648E+06,3.605732E+01,0.000000E+00,0.000000E+00,4.316531E+01,4.443901E+05,3.605732E+01,0.000000E+00,0.000000E+00,4.842338E+01,9.591527E+05,3.605732E+01,0.000000E+00,0.000000E+00
23:40:00,3.605732E+01,0.000000E+00,3.638725E+01,4.923347E+05,1.098556E+06,3.605732E+01,0.000000E+00,3.610080E+01,3.334823E+05,1.119916E+06,3.605732E+01,0.000000E+00,3.611453E+01,4.169641E+05,1.353270E+06,3.605732E+01,0.000000E+00,3.611293E+01,4.133238E+05,1.367264E+06,4.886392E+01,1.002636E+06,3.605732E+01,0.000000E+00,0.000000E+00,4.316584E+01,4.443905E+05,3.605732E+01,0.000000E+00,0.000000E+00,4.842506E+01,9.591403E+05,3.605732E+01,0.000000E+00,0.000000E+00
23:50:00,3.605732E+01,0.000000E+00,3.634290E+01,4.881828E+05,1.093910E+06,3.605732E+01,0.000000E+00,3.610064E+01,3.298027E+05,1.106225E+06,3.605732E+01,0.000000E+00,3.611048E+01,4.132431E+05,1.349369E+06,3.605732E+01,0.000000E+00,3.610889E+01,4.096029E+05,1.363361E+06,4.886542E+01,1.002625E+06,3.605732E+01,0.000000E+00,0.000000E+00,4.316633E+01,4.443912E+05,3.605732E+01,0.000000E+00,0.000000E+00,4.842656E+01,9.591293E+05,3.605732E+01,0.000000E+00,0.000000E+00
24:00:00,3.605732E+01,0.000000E+00,3.630098E+01,4.840575E+05,1.089311E+06,3.605732E+01,0.000000E+00,3.610049E+01,3.261231E+05,1.092592E+06,3.605732E+01,0.000000E+00,3.610668E+01,4.095249E+05,1.345472E+06,3.605732E+01,0.000000E+00,3.610512E+01,4.058850E+05,1.359464E+06,4.886674E+01,1.002615E+06,3.605732E+01,0.000000E+00,0.000000E+00,4.316678E+01,4.443922E+05,3.605732E+01,0.000000E+00,0.000000E+00,4.842789E+01,9.591195E+05,3.605732E+01,0.000000E+00,0.000000E+00
Coinc Peak   ,4.962677E+01,6.761133E+01,1.002895E+06,1.079439E+06
NonCoinc Peak,4.962794E+01,8.857385E+01,1.002895E+06,1.079439E+06
