,Climate,Case,Outage Type,24 hr Ratio,48 hr Ratio,168 hr Ratio,24 Avg ODB,48 Avg ODB,168 Avg ODB,Total 24 hr Radiation,Avg 24 hr Sky Cover,SET Hours
1,10-Feb,Chicago-MDW,Heating,0.471152744,0.508519874,0.629593659,1.285416667,-1.395572917,-2.388541667,1101.25,9.875,1278.73
3,10-Feb,Chicago-MDW,Heating,0.334392902,0.369925202,0.493974455,1.285416667,-1.395572917,-2.388541667,1101.25,9.875,677.03
5,10-Feb,Chicago-MDW,Heating,0.167386144,0.186991019,0.284034885,1.285416667,-1.395572917,-2.388541667,1101.25,9.875,318.99
7,10-Feb,Chicago-MDW,Heating,0.261537552,0.291098638,0.404668907,1.285416667,-1.395572917,-2.388541667,1101.25,9.875,14.58
9,10-Feb,Chicago-MDW,Heating,0.112575627,0.122900468,0.19541258,1.285416667,-1.395572917,-2.388541667,1101.25,9.875,0
11,10-Jan,Chicago-MDW,Heating,0.458311031,0.505099593,0.618616014,0.807291667,1.095833333,-1.401488095,2111.125,7.375,1278.73
13,10-Jan,Chicago-MDW,Heating,0.326838505,0.369537089,0.482948723,0.807291667,1.095833333,-1.401488095,2111.125,7.375,677.03
15,10-Jan,Chicago-MDW,Heating,0.166424122,0.189318609,0.273691156,0.807291667,1.095833333,-1.401488095,2111.125,7.375,318.99
17,10-Jan,Chicago-MDW,Heating,0.253762634,0.28756995,0.391374611,0.807291667,1.095833333,-1.401488095,2111.125,7.375,14.58
19,10-Jan,Chicago-MDW,Heating,0.112176549,0.125054964,0.184987881,0.807291667,1.095833333,-1.401488095,2111.125,7.375,0
21,10-Mar,Chicago-MDW,Heating,0.394157756,0.445863097,0.441569363,10.47552083,12.07864583,12.27395833,7883.25,0,1278.73
23,10-Mar,Chicago-MDW,Heating,0.252006442,0.287103108,0.276762995,10.47552083,12.07864583,12.27395833,7883.25,0,677.03
25,10-Mar,Chicago-MDW,Heating,0.072215715,0.066259577,0.052981014,10.47552083,12.07864583,12.27395833,7883.25,0,318.99
27,10-Mar,Chicago-MDW,Heating,0.16789562,0.185042089,0.176586836,10.47552083,12.07864583,12.27395833,7883.25,0,14.58
29,10-Mar,Chicago-MDW,Heating,0.010642821,-0.013704832,-0.053124611,10.47552083,12.07864583,12.27395833,7883.25,0,0
31,11-Feb,Chicago-MDW,Heating,0.413918672,0.50559079,0.622033295,-4.0765625,-2.460677083,-3.284375,6200.5625,3.28125,1278.73
33,11-Feb,Chicago-MDW,Heating,0.28563493,0.368104633,0.487287667,-4.0765625,-2.460677083,-3.284375,6200.5625,3.28125,677.03
35,11-Feb,Chicago-MDW,Heating,0.133071586,0.190512351,0.281652051,-4.0765625,-2.460677083,-3.284375,6200.5625,3.28125,318.99
37,11-Feb,Chicago-MDW,Heating,0.219418358,0.290748238,0.399414399,-4.0765625,-2.460677083,-3.284375,6200.5625,3.28125,14.58
39,11-Feb,Chicago-MDW,Heating,0.083176759,0.124038485,0.193441448,-4.0765625,-2.460677083,-3.284375,6200.5625,3.28125,0
41,11-Jan,Chicago-MDW,Heating,0.402047362,0.470726683,0.603582629,1.384375,0.298958333,-2.737797619,3624.125,6.614583333,1278.73
43,11-Jan,Chicago-MDW,Heating,0.278117902,0.337362629,0.468785198,1.384375,0.298958333,-2.737797619,3624.125,6.614583333,677.03
45,11-Jan,Chicago-MDW,Heating,0.131975014,0.167902999,0.263784913,1.384375,0.298958333,-2.737797619,3624.125,6.614583333,318.99
47,11-Jan,Chicago-MDW,Heating,0.211430769,0.260744876,0.379814064,1.384375,0.298958333,-2.737797619,3624.125,6.614583333,14.58
49,11-Jan,Chicago-MDW,Heating,0.083111296,0.106033039,0.177742395,1.384375,0.298958333,-2.737797619,3624.125,6.614583333,0
51,11-Mar,Chicago-MDW,Heating,0.368220997,0.409121882,0.442598042,13.68177083,14.90572917,12.3249256,6727.25,2.166666667,1278.73
53,11-Mar,Chicago-MDW,Heating,0.217705145,0.242809148,0.276211155,13.68177083,14.90572917,12.3249256,6727.25,2.166666667,677.03
55,11-Mar,Chicago-MDW,Heating,0.008868564,-0.00257515,0.056148476,13.68177083,14.90572917,12.3249256,6727.25,2.166666667,318.99
57,11-Mar,Chicago-MDW,Heating,0.124847346,0.132808313,0.179882687,13.68177083,14.90572917,12.3249256,6727.25,2.166666667,14.58
59,11-Mar,Chicago-MDW,Heating,-0.079263369,-0.106983391,-0.059166735,13.68177083,14.90572917,12.3249256,6727.25,2.166666667,0
61,12-Feb,Chicago-MDW,Heating,0.454689885,0.517596782,0.629873092,-0.844791667,-0.836197917,-2.252455357,1270.875,8.541666667,1278.73
63,12-Feb,Chicago-MDW,Heating,0.328725978,0.386835679,0.496714406,-0.844791667,-0.836197917,-2.252455357,1270.875,8.541666667,677.03
65,12-Feb,Chicago-MDW,Heating,0.18187687,0.221545378,0.291329032,-0.844791667,-0.836197917,-2.252455357,1270.875,8.541666667,318.99
67,12-Feb,Chicago-MDW,Heating,0.263247744,0.312770218,0.40815026,-0.844791667,-0.836197917,-2.252455357,1270.875,8.541666667,14.58
69,12-Feb,Chicago-MDW,Heating,0.125628227,0.155404509,0.201857381,-0.844791667,-0.836197917,-2.252455357,1270.875,8.541666667,0
71,12-Jan,Chicago-MDW,Heating,0.40509212,0.491921281,0.60397574,-0.786458333,-1.166145833,-4.579166667,2718.125,8.052083333,1278.73
73,12-Jan,Chicago-MDW,Heating,0.281600669,0.357258663,0.469457642,-0.786458333,-1.166145833,-4.579166667,2718.125,8.052083333,677.03
75,12-Jan,Chicago-MDW,Heating,0.141464516,0.186581982,0.266077615,-0.786458333,-1.166145833,-4.579166667,2718.125,8.052083333,318.99
77,12-Jan,Chicago-MDW,Heating,0.217698218,0.28095567,0.38197987,-0.786458333,-1.166145833,-4.579166667,2718.125,8.052083333,14.58
79,12-Jan,Chicago-MDW,Heating,0.08988348,0.122637629,0.180243117,-0.786458333,-1.166145833,-4.579166667,2718.125,8.052083333,0
81,12-Mar,Chicago-MDW,Heating,0.323592124,0.31740429,0.445224429,16.1296875,16.12734375,11.76674107,4346.375,5.619791667,1278.73
83,12-Mar,Chicago-MDW,Heating,0.172409749,0.158766889,0.283156564,16.1296875,16.12734375,11.76674107,4346.375,5.619791667,677.03
85,12-Mar,Chicago-MDW,Heating,-0.058506149,-0.073508702,0.072678583,16.1296875,16.12734375,11.76674107,4346.375,5.619791667,318.99
87,12-Mar,Chicago-MDW,Heating,0.073114874,0.055800279,0.192570742,16.1296875,16.12734375,11.76674107,4346.375,5.619791667,14.58
89,12-Mar,Chicago-MDW,Heating,-0.161446003,-0.183339921,-0.040835829,16.1296875,16.12734375,11.76674107,4346.375,5.619791667,0
91,13-Feb,Chicago-MDW,Heating,0.430770699,0.492639448,0.628312986,-0.827604167,-2.007552083,-1.252083333,977.5625,7.21875,1278.73
93,13-Feb,Chicago-MDW,Heating,0.308392865,0.363174166,0.493919878,-0.827604167,-2.007552083,-1.252083333,977.5625,7.21875,677.03
95,13-Feb,Chicago-MDW,Heating,0.173099664,0.206648323,0.285115368,-0.827604167,-2.007552083,-1.252083333,977.5625,7.21875,318.99
97,13-Feb,Chicago-MDW,Heating,0.246415864,0.292161782,0.403585572,-0.827604167,-2.007552083,-1.252083333,977.5625,7.21875,14.58
99,13-Feb,Chicago-MDW,Heating,0.122410373,0.144111545,0.194482758,-0.827604167,-2.007552083,-1.252083333,977.5625,7.21875,0
101,13-Jan,Chicago-MDW,Heating,0.446120182,0.490079317,0.606821391,-1.545833333,-3.746875,-5.715327381,1680.625,9.708333333,1278.73
103,13-Jan,Chicago-MDW,Heating,0.316968443,0.357428413,0.472919978,-1.545833333,-3.746875,-5.715327381,1680.625,9.708333333,677.03
105,13-Jan,Chicago-MDW,Heating,0.161263335,0.185463839,0.268840663,-1.545833333,-3.746875,-5.715327381,1680.625,9.708333333,318.99
107,13-Jan,Chicago-MDW,Heating,0.248166228,0.281984695,0.385712656,-1.545833333,-3.746875,-5.715327381,1680.625,9.708333333,14.58
109,13-Jan,Chicago-MDW,Heating,0.109910086,0.123496082,0.182992837,-1.545833333,-3.746875,-5.715327381,1680.625,9.708333333,0
111,13-Mar,Chicago-MDW,Heating,0.210391889,0.238127599,0.47006447,16.125,14.58072917,10.71622024,4124.6875,5.296875,1278.73
113,13-Mar,Chicago-MDW,Heating,0.077177795,0.09814231,0.311746513,16.125,14.58072917,10.71622024,4124.6875,5.296875,677.03
115,13-Mar,Chicago-MDW,Heating,-0.107603425,-0.07090107,0.107004281,16.125,14.58072917,10.71622024,4124.6875,5.296875,318.99
117,13-Mar,Chicago-MDW,Heating,-0.00534495,0.022142565,0.224432987,16.125,14.58072917,10.71622024,4124.6875,5.296875,14.58
119,13-Mar,Chicago-MDW,Heating,-0.205734854,-0.166756822,-0.004840839,16.125,14.58072917,10.71622024,4124.6875,5.296875,0
121,14-Feb,Chicago-MDW,Heating,0.412512961,0.479574333,0.62502008,-3.1875,-3.983072917,-0.980133929,3167.5625,7.291666667,1278.73
123,14-Feb,Chicago-MDW,Heating,0.291392096,0.347885167,0.489498052,-3.1875,-3.983072917,-0.980133929,3167.5625,7.291666667,677.03
125,14-Feb,Chicago-MDW,Heating,0.156235159,0.179822128,0.276597425,-3.1875,-3.983072917,-0.980133929,3167.5625,7.291666667,318.99
127,14-Feb,Chicago-MDW,Heating,0.230260677,0.273978598,0.39805546,-3.1875,-3.983072917,-0.980133929,3167.5625,7.291666667,14.58
129,14-Feb,Chicago-MDW,Heating,0.105556972,0.118530085,0.18585057,-3.1875,-3.983072917,-0.980133929,3167.5625,7.291666667,0
131,14-Jan,Chicago-MDW,Heating,0.392515569,0.47748325,0.608684631,-5.947916667,-4.552083333,-5.919494048,5387.5,7.291666667,1278.73
133,14-Jan,Chicago-MDW,Heating,0.271678256,0.345993888,0.474607331,-5.947916667,-4.552083333,-5.919494048,5387.5,7.291666667,677.03
135,14-Jan,Chicago-MDW,Heating,0.13345933,0.180477168,0.27059236,-5.947916667,-4.552083333,-5.919494048,5387.5,7.291666667,318.99
137,14-Jan,Chicago-MDW,Heating,0.209912157,0.272438617,0.387190533,-5.947916667,-4.552083333,-5.919494048,5387.5,7.291666667,14.58
139,14-Jan,Chicago-MDW,Heating,0.083993717,0.117404809,0.18290443,-5.947916667,-4.552083333,-5.919494048,5387.5,7.291666667,0
141,14-Mar,Chicago-MDW,Heating,0.197017498,0.25886057,0.504045568,13.03645833,11.85208333,9.289508929,5272.4375,5.442708333,1278.73
143,14-Mar,Chicago-MDW,Heating,0.078719505,0.125264491,0.349456124,13.03645833,11.85208333,9.289508929,5272.4375,5.442708333,677.03
145,14-Mar,Chicago-MDW,Heating,-0.055178695,-0.019391669,0.143581242,13.03645833,11.85208333,9.289508929,5272.4375,5.442708333,318.99
147,14-Mar,Chicago-MDW,Heating,0.020573559,0.062085713,0.263156372,13.03645833,11.85208333,9.289508929,5272.4375,5.442708333,14.58
149,14-Mar,Chicago-MDW,Heating,-0.140884429,-0.111440403,0.03295753,13.03645833,11.85208333,9.289508929,5272.4375,5.442708333,0
151,15-Feb,Chicago-MDW,Heating,0.414770823,0.498547499,0.62954632,-4.778645833,-4.534375,-0.17983631,7581.75,4.723958333,1278.73
153,15-Feb,Chicago-MDW,Heating,0.28604574,0.360524704,0.492834591,-4.778645833,-4.534375,-0.17983631,7581.75,4.723958333,677.03
155,15-Feb,Chicago-MDW,Heating,0.12904939,0.176479574,0.277084708,-4.778645833,-4.534375,-0.17983631,7581.75,4.723958333,318.99
157,15-Feb,Chicago-MDW,Heating,0.21787525,0.281559888,0.400126845,-4.778645833,-4.534375,-0.17983631,7581.75,4.723958333,14.58
159,15-Feb,Chicago-MDW,Heating,0.08051416,0.114578361,0.18566727,-4.778645833,-4.534375,-0.17983631,7581.75,4.723958333,0
161,15-Jan,Chicago-MDW,Heating,0.431694262,0.503187109,0.610383175,-3.15625,-1.8609375,-6.930059524,1969.125,9.958333333,1278.73
163,15-Jan,Chicago-MDW,Heating,0.307067268,0.372642588,0.476396021,-3.15625,-1.8609375,-6.930059524,1969.125,9.958333333,677.03
165,15-Jan,Chicago-MDW,Heating,0.161505631,0.208611963,0.270493218,-3.15625,-1.8609375,-6.930059524,1969.125,9.958333333,318.99
167,15-Jan,Chicago-MDW,Heating,0.241944705,0.298177887,0.389087691,-3.15625,-1.8609375,-6.930059524,1969.125,9.958333333,14.58
169,15-Jan,Chicago-MDW,Heating,0.110430891,0.143675812,0.185106863,-3.15625,-1.8609375,-6.930059524,1969.125,9.958333333,0
171,15-Mar,Chicago-MDW,Heating,0.229445851,0.345947152,0.528086224,10.66770833,8.234635417,8.043824405,5059.4375,3.057291667,1278.73
173,15-Mar,Chicago-MDW,Heating,0.118729244,0.210922619,0.377971343,10.66770833,8.234635417,8.043824405,5059.4375,3.057291667,677.03
175,15-Mar,Chicago-MDW,Heating,0.001463657,0.062751412,0.172037903,10.66770833,8.234635417,8.043824405,5059.4375,3.057291667,318.99
177,15-Mar,Chicago-MDW,Heating,0.070676859,0.149168404,0.29281435,10.66770833,8.234635417,8.043824405,5059.4375,3.057291667,14.58
179,15-Mar,Chicago-MDW,Heating,-0.088032594,-0.027946959,0.061595073,10.66770833,8.234635417,8.043824405,5059.4375,3.057291667,0
181,16-Feb,Chicago-MDW,Heating,0.446631031,0.507717452,0.63993846,-4.290104167,-4.637760417,1.550372024,2595.75,8.640625,1278.73
183,16-Feb,Chicago-MDW,Heating,0.317060397,0.373394848,0.505014328,-4.290104167,-4.637760417,1.550372024,2595.75,8.640625,677.03
185,16-Feb,Chicago-MDW,Heating,0.161145781,0.201758872,0.293342108,-4.290104167,-4.637760417,1.550372024,2595.75,8.640625,318.99
187,16-Feb,Chicago-MDW,Heating,0.249173106,0.298274713,0.412562448,-4.290104167,-4.637760417,1.550372024,2595.75,8.640625,14.58
189,16-Feb,Chicago-MDW,Heating,0.109868279,0.137184657,0.200261142,-4.290104167,-4.637760417,1.550372024,2595.75,8.640625,0
191,16-Jan,Chicago-MDW,Heating,0.416374557,0.474544924,0.618487226,-0.565625,-4.55625,-7.649702381,868.75,9.4375,1278.73
193,16-Jan,Chicago-MDW,Heating,0.299379199,0.344943655,0.48372413,-0.565625,-4.55625,-7.649702381,868.75,9.4375,677.03
195,16-Jan,Chicago-MDW,Heating,0.171320765,0.183085672,0.275180889,-0.565625,-4.55625,-7.649702381,868.75,9.4375,318.99
197,16-Jan,Chicago-MDW,Heating,0.238854756,0.272667663,0.395750744,-0.565625,-4.55625,-7.649702381,868.75,9.4375,14.58
199,16-Jan,Chicago-MDW,Heating,0.118665898,0.124011831,0.188258295,-0.565625,-4.55625,-7.649702381,868.75,9.4375,0
201,16-Mar,Chicago-MDW,Heating,0.361982543,0.448075954,0.561980368,5.8015625,8.316927083,6.952008929,4033.625,6.078125,1278.73
203,16-Mar,Chicago-MDW,Heating,0.232258584,0.302799973,0.412784578,5.8015625,8.316927083,6.952008929,4033.625,6.078125,677.03
205,16-Mar,Chicago-MDW,Heating,0.092105468,0.126731849,0.203068779,5.8015625,8.316927083,6.952008929,4033.625,6.078125,318.99
207,16-Mar,Chicago-MDW,Heating,0.174182055,0.229065205,0.326178546,5.8015625,8.316927083,6.952008929,4033.625,6.078125,14.58
209,16-Mar,Chicago-MDW,Heating,0.013957544,0.028861713,0.095735471,5.8015625,8.316927083,6.952008929,4033.625,6.078125,0
211,17-Feb,Chicago-MDW,Heating,0.418322707,0.487533732,0.627493509,-4.985416667,-0.919270833,3.345386905,2998.5625,5.59375,1278.73
213,17-Feb,Chicago-MDW,Heating,0.296756143,0.356875296,0.493108267,-4.985416667,-0.919270833,3.345386905,2998.5625,5.59375,677.03
215,17-Feb,Chicago-MDW,Heating,0.161490022,0.190344801,0.282977665,-4.985416667,-0.919270833,3.345386905,2998.5625,5.59375,318.99
217,17-Feb,Chicago-MDW,Heating,0.235804908,0.281541756,0.399892718,-4.985416667,-0.919270833,3.345386905,2998.5625,5.59375,14.58
219,17-Feb,Chicago-MDW,Heating,0.1087427,0.122820802,0.18945648,-4.985416667,-0.919270833,3.345386905,2998.5625,5.59375,0
221,17-Jan,Chicago-MDW,Heating,0.422024641,0.492890433,0.627861199,-8.546875,-10.02604167,-8.58735119,6388.875,3.552083333,1278.73
223,17-Jan,Chicago-MDW,Heating,0.290401198,0.354744825,0.492415418,-8.546875,-10.02604167,-8.58735119,6388.875,3.552083333,677.03
225,17-Jan,Chicago-MDW,Heating,0.12933225,0.170700816,0.276926769,-8.546875,-10.02604167,-8.58735119,6388.875,3.552083333,318.99
227,17-Jan,Chicago-MDW,Heating,0.221631602,0.276963228,0.402668466,-8.546875,-10.02604167,-8.58735119,6388.875,3.552083333,14.58
229,17-Jan,Chicago-MDW,Heating,0.083968753,0.110429031,0.189560259,-8.546875,-10.02604167,-8.58735119,6388.875,3.552083333,0
231,17-Mar,Chicago-MDW,Heating,0.382625736,0.422352773,0.559535791,10.83229167,10.30338542,6.640178571,4015.6875,8.640625,1278.73
233,17-Mar,Chicago-MDW,Heating,0.254173652,0.285045319,0.413338045,10.83229167,10.30338542,6.640178571,4015.6875,8.640625,677.03
235,17-Mar,Chicago-MDW,Heating,0.107441708,0.121417184,0.208411957,10.83229167,10.30338542,6.640178571,4015.6875,8.640625,318.99
237,17-Mar,Chicago-MDW,Heating,0.190779225,0.214477563,0.327607415,10.83229167,10.30338542,6.640178571,4015.6875,8.640625,14.58
239,17-Mar,Chicago-MDW,Heating,0.027326213,0.038074987,0.107605134,10.83229167,10.30338542,6.640178571,4015.6875,8.640625,0
241,18-Feb,Chicago-MDW,Heating,0.388859161,0.459187546,0.623274581,3.146875,4.65234375,5.451339286,7771.0625,1.53125,1278.73
243,18-Feb,Chicago-MDW,Heating,0.266233368,0.326243915,0.485737286,3.146875,4.65234375,5.451339286,7771.0625,1.53125,677.03
245,18-Feb,Chicago-MDW,Heating,0.117886936,0.15545313,0.270470882,3.146875,4.65234375,5.451339286,7771.0625,1.53125,318.99
247,18-Feb,Chicago-MDW,Heating,0.197647224,0.246925681,0.389348509,3.146875,4.65234375,5.451339286,7771.0625,1.53125,14.58
249,18-Feb,Chicago-MDW,Heating,0.064751024,0.088075459,0.175842141,3.146875,4.65234375,5.451339286,7771.0625,1.53125,0
251,18-Jan,Chicago-MDW,Heating,0.423954962,0.483155644,0.633923078,-11.50520833,-10.12239583,-8.488020833,6417.25,2.3125,1278.73
253,18-Jan,Chicago-MDW,Heating,0.296981802,0.351943783,0.500405872,-11.50520833,-10.12239583,-8.488020833,6417.25,2.3125,677.03
255,18-Jan,Chicago-MDW,Heating,0.144742428,0.182531947,0.288691273,-11.50520833,-10.12239583,-8.488020833,6417.25,2.3125,318.99
257,18-Jan,Chicago-MDW,Heating,0.231089782,0.278384451,0.411378213,-11.50520833,-10.12239583,-8.488020833,6417.25,2.3125,14.58
259,18-Jan,Chicago-MDW,Heating,0.093095484,0.118838954,0.200580787,-11.50520833,-10.12239583,-8.488020833,6417.25,2.3125,0
261,18-Mar,Chicago-MDW,Heating,0.365043259,0.459372559,0.566562658,9.774479167,9.275260417,6.052306548,1803.8125,7.807291667,1278.73
263,18-Mar,Chicago-MDW,Heating,0.237835038,0.318539614,0.419949569,9.774479167,9.275260417,6.052306548,1803.8125,7.807291667,677.03
265,18-Mar,Chicago-MDW,Heating,0.098096046,0.148058101,0.213900532,9.774479167,9.275260417,6.052306548,1803.8125,7.807291667,318.99
267,18-Mar,Chicago-MDW,Heating,0.179041123,0.246431598,0.333878049,9.774479167,9.275260417,6.052306548,1803.8125,7.807291667,14.58
269,18-Mar,Chicago-MDW,Heating,0.029304623,0.067027518,0.111841379,9.774479167,9.275260417,6.052306548,1803.8125,7.807291667,0
271,19-Feb,Chicago-MDW,Heating,0.397519137,0.485256721,0.619194033,6.1578125,3.616927083,6.110267857,2608.4375,8.010416667,1278.73
273,19-Feb,Chicago-MDW,Heating,0.278269441,0.351920479,0.483373938,6.1578125,3.616927083,6.110267857,2608.4375,8.010416667,677.03
275,19-Feb,Chicago-MDW,Heating,0.142838386,0.1865041,0.273384175,6.1578125,3.616927083,6.110267857,2608.4375,8.010416667,318.99
277,19-Feb,Chicago-MDW,Heating,0.215641919,0.277638073,0.389768977,6.1578125,3.616927083,6.110267857,2608.4375,8.010416667,14.58
279,19-Feb,Chicago-MDW,Heating,0.081072838,0.118557409,0.177166107,6.1578125,3.616927083,6.110267857,2608.4375,8.010416667,0
281,19-Jan,Chicago-MDW,Heating,0.396245759,0.489116781,0.644345741,-8.739583333,-5.857291667,-7.672767857,4560.875,5.890625,1278.73
283,19-Jan,Chicago-MDW,Heating,0.279039223,0.35934275,0.512178663,-8.739583333,-5.857291667,-7.672767857,4560.875,5.890625,677.03
285,19-Jan,Chicago-MDW,Heating,0.146364324,0.19443261,0.30069792,-8.739583333,-5.857291667,-7.672767857,4560.875,5.890625,318.99
287,19-Jan,Chicago-MDW,Heating,0.219612105,0.285843116,0.42275814,-8.739583333,-5.857291667,-7.672767857,4560.875,5.890625,14.58
289,19-Jan,Chicago-MDW,Heating,0.096107836,0.129204399,0.212897464,-8.739583333,-5.857291667,-7.672767857,4560.875,5.890625,0
291,19-Mar,Chicago-MDW,Heating,0.42914014,0.494096927,0.57938155,8.776041667,7.45703125,5.778348214,1747,9.901041667,1278.73
293,19-Mar,Chicago-MDW,Heating,0.297220109,0.351677935,0.431566099,8.776041667,7.45703125,5.778348214,1747,9.901041667,677.03
295,19-Mar,Chicago-MDW,Heating,0.144037394,0.171249596,0.223866883,8.776041667,7.45703125,5.778348214,1747,9.901041667,318.99
297,19-Mar,Chicago-MDW,Heating,0.231184191,0.27501906,0.344128282,8.776041667,7.45703125,5.778348214,1747,9.901041667,14.58
299,19-Mar,Chicago-MDW,Heating,0.082465339,0.098254043,0.122916072,8.776041667,7.45703125,5.778348214,1747,9.901041667,0
301,1-Apr,Chicago-MDW,Heating,0.097084594,0.093839389,0.376785681,19.10208333,19.1296875,15.1796131,5293.875,6.5,1278.73
303,1-Apr,Chicago-MDW,Heating,-0.030224207,-0.065329485,0.196183067,19.10208333,19.1296875,15.1796131,5293.875,6.5,677.03
305,1-Apr,Chicago-MDW,Heating,-0.265688314,-0.327641423,-0.059938265,19.10208333,19.1296875,15.1796131,5293.875,6.5,318.99
307,1-Apr,Chicago-MDW,Heating,-0.15157971,-0.19539956,0.088478317,19.10208333,19.1296875,15.1796131,5293.875,6.5,14.58
309,1-Apr,Chicago-MDW,Heating,-0.328221208,-0.403404939,-0.168139624,19.10208333,19.1296875,15.1796131,5293.875,6.5,0
311,1-Feb,Chicago-MDW,Heating,0.466833235,0.537185852,0.691199018,-22.44375,-22.815625,-9.857440476,5547.8125,1.75,1278.73
313,1-Feb,Chicago-MDW,Heating,0.33542157,0.401760806,0.563194323,-22.44375,-22.815625,-9.857440476,5547.8125,1.75,677.03
315,1-Feb,Chicago-MDW,Heating,0.16276193,0.203850682,0.321996235,-22.44375,-22.815625,-9.857440476,5547.8125,1.75,318.99
317,1-Feb,Chicago-MDW,Heating,0.263359078,0.320660335,0.465345077,-22.44375,-22.815625,-9.857440476,5547.8125,1.75,14.58
319,1-Feb,Chicago-MDW,Heating,0.11503469,0.144277499,0.232306275,-22.44375,-22.815625,-9.857440476,5547.8125,1.75,0
321,1-Jan,Chicago-MDW,Heating,0.399627622,0.430387339,0.614905148,10.85729167,7.855729167,-2.358184524,964.625,8.65625,1278.73
323,1-Jan,Chicago-MDW,Heating,0.274153511,0.299524095,0.475131487,10.85729167,7.855729167,-2.358184524,964.625,8.65625,677.03
325,1-Jan,Chicago-MDW,Heating,0.117608276,0.133868188,0.254114102,10.85729167,7.855729167,-2.358184524,964.625,8.65625,318.99
327,1-Jan,Chicago-MDW,Heating,0.193000542,0.217056789,0.380179494,10.85729167,7.855729167,-2.358184524,964.625,8.65625,14.58
329,1-Jan,Chicago-MDW,Heating,0.054947513,0.069365514,0.165943756,10.85729167,7.855729167,-2.358184524,964.625,8.65625,0
331,1-Mar,Chicago-MDW,Heating,0.392000501,0.443725521,0.583356608,-7.059375,-5.712239583,-1.734077381,8498,0.541666667,1278.73
333,1-Mar,Chicago-MDW,Heating,0.268993408,0.313570193,0.448860629,-7.059375,-5.712239583,-1.734077381,8498,0.541666667,677.03
335,1-Mar,Chicago-MDW,Heating,0.127984254,0.155197754,0.258272412,-7.059375,-5.712239583,-1.734077381,8498,0.541666667,318.99
337,1-Mar,Chicago-MDW,Heating,0.207635609,0.244377784,0.365826129,-7.059375,-5.712239583,-1.734077381,8498,0.541666667,14.58
339,1-Mar,Chicago-MDW,Heating,0.077034992,0.09091504,0.16779674,-7.059375,-5.712239583,-1.734077381,8498,0.541666667,0
341,20-Feb,Chicago-MDW,Heating,0.45921586,0.521357302,0.616367727,1.076041667,1.7453125,6.16703869,850.75,10,1278.73
343,20-Feb,Chicago-MDW,Heating,0.32642621,0.386369169,0.47909814,1.076041667,1.7453125,6.16703869,850.75,10,677.03
345,20-Feb,Chicago-MDW,Heating,0.17251952,0.216930488,0.270417326,1.076041667,1.7453125,6.16703869,850.75,10,318.99
347,20-Feb,Chicago-MDW,Heating,0.258309966,0.310534335,0.386169868,1.076041667,1.7453125,6.16703869,850.75,10,14.58
349,20-Feb,Chicago-MDW,Heating,0.11888068,0.150323767,0.176214635,1.076041667,1.7453125,6.16703869,850.75,10,0
351,20-Jan,Chicago-MDW,Heating,0.447102517,0.504772707,0.658286489,-2.975,-7.9984375,-7.45639881,3333.875,7.338541667,1278.73
353,20-Jan,Chicago-MDW,Heating,0.320260761,0.368191152,0.52638034,-2.975,-7.9984375,-7.45639881,3333.875,7.338541667,677.03
355,20-Jan,Chicago-MDW,Heating,0.166303967,0.184107571,0.310844958,-2.975,-7.9984375,-7.45639881,3333.875,7.338541667,318.99
357,20-Jan,Chicago-MDW,Heating,0.251479666,0.289587179,0.435506118,-2.975,-7.9984375,-7.45639881,3333.875,7.338541667,14.58
359,20-Jan,Chicago-MDW,Heating,0.112507902,0.124621818,0.223740745,-2.975,-7.9984375,-7.45639881,3333.875,7.338541667,0
361,20-Mar,Chicago-MDW,Heating,0.419937762,0.450650779,0.574377335,6.138020833,5.22734375,5.269568452,3226.5625,7.239583333,1278.73
363,20-Mar,Chicago-MDW,Heating,0.286288221,0.310317334,0.426790534,6.138020833,5.22734375,5.269568452,3226.5625,7.239583333,677.03
365,20-Mar,Chicago-MDW,Heating,0.134221689,0.143173472,0.223844256,6.138020833,5.22734375,5.269568452,3226.5625,7.239583333,318.99
367,20-Mar,Chicago-MDW,Heating,0.219904183,0.237691136,0.340355297,6.138020833,5.22734375,5.269568452,3226.5625,7.239583333,14.58
369,20-Mar,Chicago-MDW,Heating,0.075647401,0.073084292,0.123752547,6.138020833,5.22734375,5.269568452,3226.5625,7.239583333,0
371,21-Feb,Chicago-MDW,Heating,0.421902763,0.515059408,0.585914393,2.414583333,4.873697917,4.985565476,1227.875,9.958333333,1278.73
373,21-Feb,Chicago-MDW,Heating,0.302599861,0.385728045,0.44661863,2.414583333,4.873697917,4.985565476,1227.875,9.958333333,677.03
375,21-Feb,Chicago-MDW,Heating,0.171706937,0.222798897,0.243986446,2.414583333,4.873697917,4.985565476,1227.875,9.958333333,318.99
377,21-Feb,Chicago-MDW,Heating,0.241931885,0.310308975,0.357146886,2.414583333,4.873697917,4.985565476,1227.875,9.958333333,14.58
379,21-Feb,Chicago-MDW,Heating,0.117725651,0.15472686,0.155243826,2.414583333,4.873697917,4.985565476,1227.875,9.958333333,0
381,21-Jan,Chicago-MDW,Heating,0.453436033,0.536161915,0.658087738,-13.021875,-10.6078125,-8.941517857,6470.4375,2.802083333,1278.73
383,21-Jan,Chicago-MDW,Heating,0.315631333,0.394859865,0.526347227,-13.021875,-10.6078125,-8.941517857,6470.4375,2.802083333,677.03
385,21-Jan,Chicago-MDW,Heating,0.141946752,0.203213139,0.311997776,-13.021875,-10.6078125,-8.941517857,6470.4375,2.802083333,318.99
387,21-Jan,Chicago-MDW,Heating,0.24290214,0.313725756,0.436256416,-13.021875,-10.6078125,-8.941517857,6470.4375,2.802083333,14.58
389,21-Jan,Chicago-MDW,Heating,0.095176498,0.139197936,0.226259196,-13.021875,-10.6078125,-8.941517857,6470.4375,2.802083333,0
391,21-Mar,Chicago-MDW,Heating,0.357605293,0.455108268,0.569381261,4.316666667,3.670833333,5.13921131,6543.75,4.927083333,1278.73
393,21-Mar,Chicago-MDW,Heating,0.231337577,0.31570535,0.424334848,4.316666667,3.670833333,5.13921131,6543.75,4.927083333,677.03
395,21-Mar,Chicago-MDW,Heating,0.098161953,0.153575841,0.228859033,4.316666667,3.670833333,5.13921131,6543.75,4.927083333,318.99
397,21-Mar,Chicago-MDW,Heating,0.172414409,0.245335699,0.340155763,4.316666667,3.670833333,5.13921131,6543.75,4.927083333,14.58
399,21-Mar,Chicago-MDW,Heating,0.041046454,0.083817463,0.129063152,4.316666667,3.670833333,5.13921131,6543.75,4.927083333,0
401,22-Feb,Chicago-MDW,Heating,0.452379867,0.500850905,0.576316735,7.3328125,7.80390625,3.549404762,921.875,8.697916667,1278.73
403,22-Feb,Chicago-MDW,Heating,0.328745132,0.363825289,0.434190495,7.3328125,7.80390625,3.549404762,921.875,8.697916667,677.03
405,22-Feb,Chicago-MDW,Heating,0.181240239,0.177463515,0.227699451,7.3328125,7.80390625,3.549404762,921.875,8.697916667,318.99
407,22-Feb,Chicago-MDW,Heating,0.260476044,0.278820033,0.344876196,7.3328125,7.80390625,3.549404762,921.875,8.697916667,14.58
409,22-Feb,Chicago-MDW,Heating,0.126514739,0.109517879,0.140917594,7.3328125,7.80390625,3.549404762,921.875,8.697916667,0
411,22-Jan,Chicago-MDW,Heating,0.451540344,0.510482441,0.64749892,-8.19375,-7.661458333,-9.352827381,712.5,10,1278.73
413,22-Jan,Chicago-MDW,Heating,0.328483703,0.38256649,0.519672367,-8.19375,-7.661458333,-9.352827381,712.5,10,677.03
415,22-Jan,Chicago-MDW,Heating,0.187022064,0.218434518,0.317363901,-8.19375,-7.661458333,-9.352827381,712.5,10,318.99
417,22-Jan,Chicago-MDW,Heating,0.26435199,0.308874237,0.4329954,-8.19375,-7.661458333,-9.352827381,712.5,10,14.58
419,22-Jan,Chicago-MDW,Heating,0.131178267,0.154216871,0.232741472,-8.19375,-7.661458333,-9.352827381,712.5,10,0
421,22-Mar,Chicago-MDW,Heating,0.428742207,0.459241415,0.574981643,3.025,3.321875,5.129761905,1565.75,7.53125,1278.73
423,22-Mar,Chicago-MDW,Heating,0.299742034,0.324621658,0.432961878,3.025,3.321875,5.129761905,1565.75,7.53125,677.03
425,22-Mar,Chicago-MDW,Heating,0.159644922,0.166202008,0.243516908,3.025,3.321875,5.129761905,1565.75,7.53125,318.99
427,22-Mar,Chicago-MDW,Heating,0.23878401,0.255497859,0.350653495,3.025,3.321875,5.129761905,1565.75,7.53125,14.58
429,22-Mar,Chicago-MDW,Heating,0.100379338,0.094436407,0.143959201,3.025,3.321875,5.129761905,1565.75,7.53125,0
431,23-Feb,Chicago-MDW,Heating,0.392606067,0.458721817,0.567262728,8.275,9.015625,1.493377976,8378,0.416666667,1278.73
433,23-Feb,Chicago-MDW,Heating,0.254388536,0.312333766,0.423938812,8.275,9.015625,1.493377976,8378,0.416666667,677.03
435,23-Feb,Chicago-MDW,Heating,0.082166209,0.12759559,0.217886027,8.275,9.015625,1.493377976,8378,0.416666667,318.99
437,23-Feb,Chicago-MDW,Heating,0.175356894,0.226450342,0.33591691,8.275,9.015625,1.493377976,8378,0.416666667,14.58
439,23-Feb,Chicago-MDW,Heating,0.024147947,0.051967094,0.130512633,8.275,9.015625,1.493377976,8378,0.416666667,0
441,23-Jan,Chicago-MDW,Heating,0.427806668,0.523834585,0.64513049,-7.129166667,-7.490364583,-10.80505952,3053.625,6.807291667,1278.73
443,23-Jan,Chicago-MDW,Heating,0.303843603,0.388712965,0.51594272,-7.129166667,-7.490364583,-10.80505952,3053.625,6.807291667,677.03
445,23-Jan,Chicago-MDW,Heating,0.15572824,0.208212895,0.308942417,-7.129166667,-7.490364583,-10.80505952,3053.625,6.807291667,318.99
447,23-Jan,Chicago-MDW,Heating,0.238037182,0.31019483,0.428513107,-7.129166667,-7.490364583,-10.80505952,3053.625,6.807291667,14.58
449,23-Jan,Chicago-MDW,Heating,0.109140271,0.147802537,0.226503153,-7.129166667,-7.490364583,-10.80505952,3053.625,6.807291667,0
451,23-Mar,Chicago-MDW,Heating,0.333852972,0.396120836,0.55823216,3.61875,5.16796875,5.384598214,9120.4375,0.125,1278.73
453,23-Mar,Chicago-MDW,Heating,0.216185754,0.264029301,0.417540793,3.61875,5.16796875,5.384598214,9120.4375,0.125,677.03
455,23-Mar,Chicago-MDW,Heating,0.089700388,0.115497599,0.232444314,3.61875,5.16796875,5.384598214,9120.4375,0.125,318.99
457,23-Mar,Chicago-MDW,Heating,0.159494615,0.197283632,0.335924371,3.61875,5.16796875,5.384598214,9120.4375,0.125,14.58
459,23-Mar,Chicago-MDW,Heating,0.034883582,0.043719321,0.135173701,3.61875,5.16796875,5.384598214,9120.4375,0.125,0
461,24-Feb,Chicago-MDW,Heating,0.397577539,0.418610819,0.571820727,9.75625,8.7578125,-0.31235119,1809.875,7.84375,1278.73
463,24-Feb,Chicago-MDW,Heating,0.274742374,0.289500471,0.432615374,9.75625,8.7578125,-0.31235119,1809.875,7.84375,677.03
465,24-Feb,Chicago-MDW,Heating,0.136413961,0.136495866,0.231241046,9.75625,8.7578125,-0.31235119,1809.875,7.84375,318.99
467,24-Feb,Chicago-MDW,Heating,0.210386677,0.218665562,0.347804718,9.75625,8.7578125,-0.31235119,1809.875,7.84375,14.58
469,24-Feb,Chicago-MDW,Heating,0.057668932,0.056335671,0.14086855,9.75625,8.7578125,-0.31235119,1809.875,7.84375,0
471,24-Jan,Chicago-MDW,Heating,0.486804549,0.56252359,0.651072257,-7.8515625,-6.825,-11.95438988,1077.0625,9.359375,1278.73
473,24-Jan,Chicago-MDW,Heating,0.352424626,0.42550549,0.522133401,-7.8515625,-6.825,-11.95438988,1077.0625,9.359375,677.03
475,24-Jan,Chicago-MDW,Heating,0.18375735,0.235173963,0.314323334,-7.8515625,-6.825,-11.95438988,1077.0625,9.359375,318.99
477,24-Jan,Chicago-MDW,Heating,0.279695713,0.34314291,0.434682082,-7.8515625,-6.825,-11.95438988,1077.0625,9.359375,14.58
479,24-Jan,Chicago-MDW,Heating,0.132499258,0.170964166,0.230737423,-7.8515625,-6.825,-11.95438988,1077.0625,9.359375,0
481,24-Mar,Chicago-MDW,Heating,0.333271416,0.433208826,0.57205503,6.7171875,7.286979167,5.387127976,5384.125,3.625,1278.73
483,24-Mar,Chicago-MDW,Heating,0.217715837,0.297499279,0.433899342,6.7171875,7.286979167,5.387127976,5384.125,3.625,677.03
485,24-Mar,Chicago-MDW,Heating,0.099283359,0.145852724,0.251524947,6.7171875,7.286979167,5.387127976,5384.125,3.625,318.99
487,24-Mar,Chicago-MDW,Heating,0.165685924,0.230660256,0.353928506,6.7171875,7.286979167,5.387127976,5384.125,3.625,14.58
489,24-Mar,Chicago-MDW,Heating,0.029931877,0.063885007,0.152918398,6.7171875,7.286979167,5.387127976,5384.125,3.625,0
491,25-Feb,Chicago-MDW,Heating,0.329238151,0.410532638,0.583230866,7.759375,7.157291667,-1.653571429,4622,9.583333333,1278.73
493,25-Feb,Chicago-MDW,Heating,0.211524347,0.280401714,0.443792723,7.759375,7.157291667,-1.653571429,4622,9.583333333,677.03
495,25-Feb,Chicago-MDW,Heating,0.087686819,0.134363488,0.240732399,7.759375,7.157291667,-1.653571429,4622,9.583333333,318.99
497,25-Feb,Chicago-MDW,Heating,0.154871437,0.213792344,0.35885317,7.759375,7.157291667,-1.653571429,4622,9.583333333,14.58
499,25-Feb,Chicago-MDW,Heating,0.032231795,0.06698883,0.150796969,7.759375,7.157291667,-1.653571429,4622,9.583333333,0
501,25-Jan,Chicago-MDW,Heating,0.47519207,0.532022115,0.642329234,-5.7984375,-6.51171875,-13.1156994,586.8125,9.875,1278.73
503,25-Jan,Chicago-MDW,Heating,0.3460275,0.400252157,0.513875059,-5.7984375,-6.51171875,-13.1156994,586.8125,9.875,677.03
505,25-Jan,Chicago-MDW,Heating,0.188980999,0.227166854,0.308367107,-5.7984375,-6.51171875,-13.1156994,586.8125,9.875,318.99
507,25-Jan,Chicago-MDW,Heating,0.275684387,0.322801632,0.427298969,-5.7984375,-6.51171875,-13.1156994,586.8125,9.875,14.58
509,25-Jan,Chicago-MDW,Heating,0.136371221,0.164737277,0.225005783,-5.7984375,-6.51171875,-13.1156994,586.8125,9.875,0
511,25-Mar,Chicago-MDW,Heating,0.421888988,0.487467761,0.610223094,7.856770833,6.535677083,6.501636905,1679.6875,7.302083333,1278.73
513,25-Mar,Chicago-MDW,Heating,0.290169982,0.348677947,0.471615971,7.856770833,6.535677083,6.501636905,1679.6875,7.302083333,677.03
515,25-Mar,Chicago-MDW,Heating,0.150320865,0.186974816,0.280835888,7.856770833,6.535677083,6.501636905,1679.6875,7.302083333,318.99
517,25-Mar,Chicago-MDW,Heating,0.22783263,0.277330967,0.387159513,7.856770833,6.535677083,6.501636905,1679.6875,7.302083333,14.58
519,25-Mar,Chicago-MDW,Heating,0.080553922,0.109983977,0.179362014,7.856770833,6.535677083,6.501636905,1679.6875,7.302083333,0
521,26-Feb,Chicago-MDW,Heating,0.38136341,0.493000057,0.603416521,6.555208333,-0.31953125,-2.574553571,1183.125,9.916666667,1278.73
523,26-Feb,Chicago-MDW,Heating,0.26492887,0.355334039,0.465448232,6.555208333,-0.31953125,-2.574553571,1183.125,9.916666667,677.03
525,26-Feb,Chicago-MDW,Heating,0.141482748,0.184351251,0.260018767,6.555208333,-0.31953125,-2.574553571,1183.125,9.916666667,318.99
527,26-Feb,Chicago-MDW,Heating,0.209972375,0.283758718,0.380174564,6.555208333,-0.31953125,-2.574553571,1183.125,9.916666667,14.58
529,26-Feb,Chicago-MDW,Heating,0.082811107,0.120670655,0.167825562,6.555208333,-0.31953125,-2.574553571,1183.125,9.916666667,0
531,26-Jan,Chicago-MDW,Heating,0.444236775,0.516802452,0.637793562,-7.225,-10.29791667,-15.49360119,927.25,8.072916667,1278.73
533,26-Jan,Chicago-MDW,Heating,0.320108367,0.384601402,0.50905939,-7.225,-10.29791667,-15.49360119,927.25,8.072916667,677.03
535,26-Jan,Chicago-MDW,Heating,0.173496314,0.209915371,0.300869771,-7.225,-10.29791667,-15.49360119,927.25,8.072916667,318.99
537,26-Jan,Chicago-MDW,Heating,0.254547633,0.308625517,0.422806448,-7.225,-10.29791667,-15.49360119,927.25,8.072916667,14.58
539,26-Jan,Chicago-MDW,Heating,0.125643111,0.150380517,0.218696036,-7.225,-10.29791667,-15.49360119,927.25,8.072916667,0
541,26-Mar,Chicago-MDW,Heating,0.42985013,0.473401627,0.616422802,5.214583333,5.220052083,8.108110119,1458.1875,9.958333333,1278.73
543,26-Mar,Chicago-MDW,Heating,0.299689715,0.342174864,0.478724014,5.214583333,5.220052083,8.108110119,1458.1875,9.958333333,677.03
545,26-Mar,Chicago-MDW,Heating,0.159279137,0.194606768,0.280835339,5.214583333,5.220052083,8.108110119,1458.1875,9.958333333,318.99
547,26-Mar,Chicago-MDW,Heating,0.237756803,0.275850027,0.390210485,5.214583333,5.220052083,8.108110119,1458.1875,9.958333333,14.58
549,26-Mar,Chicago-MDW,Heating,0.101936111,0.125078846,0.179626968,5.214583333,5.220052083,8.108110119,1458.1875,9.958333333,0
551,27-Feb,Chicago-MDW,Heating,0.477752707,0.522890866,0.613838699,-7.194270833,-7.41640625,-3.327008929,2227.375,9.125,1278.73
553,27-Feb,Chicago-MDW,Heating,0.337300579,0.381558297,0.475500834,-7.194270833,-7.41640625,-3.327008929,2227.375,9.125,677.03
555,27-Feb,Chicago-MDW,Heating,0.165568634,0.192905971,0.267249142,-7.194270833,-7.41640625,-3.327008929,2227.375,9.125,318.99
557,27-Feb,Chicago-MDW,Heating,0.26623277,0.30356939,0.388726654,-7.194270833,-7.41640625,-3.327008929,2227.375,9.125,14.58
559,27-Feb,Chicago-MDW,Heating,0.114666482,0.129572144,0.175100254,-7.194270833,-7.41640625,-3.327008929,2227.375,9.125,0
561,27-Jan,Chicago-MDW,Heating,0.451047215,0.518514749,0.639533774,-13.37083333,-14.6359375,-17.77395833,3694.5625,5.317708333,1278.73
563,27-Jan,Chicago-MDW,Heating,0.321564955,0.386001584,0.510279948,-13.37083333,-14.6359375,-17.77395833,3694.5625,5.317708333,677.03
565,27-Jan,Chicago-MDW,Heating,0.162489503,0.209016579,0.297793544,-13.37083333,-14.6359375,-17.77395833,3694.5625,5.317708333,318.99
567,27-Jan,Chicago-MDW,Heating,0.252868124,0.310088589,0.423381304,-13.37083333,-14.6359375,-17.77395833,3694.5625,5.317708333,14.58
569,27-Jan,Chicago-MDW,Heating,0.113071133,0.147955838,0.215219045,-13.37083333,-14.6359375,-17.77395833,3694.5625,5.317708333,0
571,27-Mar,Chicago-MDW,Heating,0.365398727,0.442398391,0.596440465,5.225520833,4.738020833,10.0999256,1457.5,10,1278.73
573,27-Mar,Chicago-MDW,Heating,0.255814332,0.319491189,0.459878862,5.225520833,4.738020833,10.0999256,1457.5,10,677.03
575,27-Mar,Chicago-MDW,Heating,0.150882697,0.187993439,0.258336306,5.225520833,4.738020833,10.0999256,1457.5,10,318.99
577,27-Mar,Chicago-MDW,Heating,0.206507744,0.258712387,0.36855974,5.225520833,4.738020833,10.0999256,1457.5,10,14.58
579,27-Mar,Chicago-MDW,Heating,0.097215457,0.122094569,0.156589884,5.225520833,4.738020833,10.0999256,1457.5,10,0
581,28-Feb,Chicago-MDW,Heating,0.414388393,0.472142614,0.594191483,-7.638541667,-7.348958333,-2.321428571,7773.25,1.072916667,1278.73
583,28-Feb,Chicago-MDW,Heating,0.286561084,0.33735284,0.457754189,-7.638541667,-7.348958333,-2.321428571,7773.25,1.072916667,677.03
585,28-Feb,Chicago-MDW,Heating,0.134595488,0.164274307,0.25931895,-7.638541667,-7.348958333,-2.321428571,7773.25,1.072916667,318.99
587,28-Feb,Chicago-MDW,Heating,0.22172927,0.263767358,0.372790575,-7.638541667,-7.348958333,-2.321428571,7773.25,1.072916667,14.58
589,28-Feb,Chicago-MDW,Heating,0.08364168,0.10076756,0.167048744,-7.638541667,-7.348958333,-2.321428571,7773.25,1.072916667,0
591,28-Jan,Chicago-MDW,Heating,0.443719709,0.517237862,0.642652748,-15.90104167,-17.13020833,-18.69546131,1425.625,8.723958333,1278.73
593,28-Jan,Chicago-MDW,Heating,0.320418477,0.386566442,0.513856914,-15.90104167,-17.13020833,-18.69546131,1425.625,8.723958333,677.03
595,28-Jan,Chicago-MDW,Heating,0.174049193,0.210368969,0.299367352,-15.90104167,-17.13020833,-18.69546131,1425.625,8.723958333,318.99
597,28-Jan,Chicago-MDW,Heating,0.256316963,0.31135943,0.426581617,-15.90104167,-17.13020833,-18.69546131,1425.625,8.723958333,14.58
599,28-Jan,Chicago-MDW,Heating,0.124610389,0.150006595,0.216512908,-15.90104167,-17.13020833,-18.69546131,1425.625,8.723958333,0
601,28-Mar,Chicago-MDW,Heating,0.392907142,0.452693922,0.56464618,4.250520833,4.5296875,11.56994048,1650.5,9.973958333,1278.73
603,28-Mar,Chicago-MDW,Heating,0.274811653,0.324250761,0.423956642,4.250520833,4.5296875,11.56994048,1650.5,9.973958333,677.03
605,28-Mar,Chicago-MDW,Heating,0.153945279,0.179783537,0.209444744,4.250520833,4.5296875,11.56994048,1650.5,9.973958333,318.99
607,28-Mar,Chicago-MDW,Heating,0.219214069,0.258417556,0.327610642,4.250520833,4.5296875,11.56994048,1650.5,9.973958333,14.58
609,28-Mar,Chicago-MDW,Heating,0.100522708,0.113977875,0.109298879,4.250520833,4.5296875,11.56994048,1650.5,9.973958333,0
611,29-Jan,Chicago-MDW,Heating,0.453725135,0.517981227,0.653043305,-18.359375,-16.76692708,-17.80580357,6155.5625,0.875,1278.73
613,29-Jan,Chicago-MDW,Heating,0.324547003,0.385835368,0.523236812,-18.359375,-16.76692708,-17.80580357,6155.5625,0.875,677.03
615,29-Jan,Chicago-MDW,Heating,0.158444423,0.202897543,0.299573928,-18.359375,-16.76692708,-17.80580357,6155.5625,0.875,318.99
617,29-Jan,Chicago-MDW,Heating,0.254000721,0.307990327,0.432933299,-18.359375,-16.76692708,-17.80580357,6155.5625,0.875,14.58
619,29-Jan,Chicago-MDW,Heating,0.110468608,0.141616564,0.215255766,-18.359375,-16.76692708,-17.80580357,6155.5625,0.875,0
621,29-Mar,Chicago-MDW,Heating,0.375951789,0.454494681,0.527373165,4.808854167,4.22265625,12.38370536,3209,9.609375,1278.73
623,29-Mar,Chicago-MDW,Heating,0.255588275,0.322851051,0.377800977,4.808854167,4.22265625,12.38370536,3209,9.609375,677.03
625,29-Mar,Chicago-MDW,Heating,0.130299213,0.173881751,0.158343079,4.808854167,4.22265625,12.38370536,3209,9.609375,318.99
627,29-Mar,Chicago-MDW,Heating,0.198365448,0.255626753,0.280231846,4.808854167,4.22265625,12.38370536,3209,9.609375,14.58
629,29-Mar,Chicago-MDW,Heating,0.077264473,0.108536042,0.05869181,4.808854167,4.22265625,12.38370536,3209,9.609375,0
631,2-Feb,Chicago-MDW,Heating,0.465714476,0.537267201,0.684168898,-23.1875,-21.50442708,-5.97172619,7187.9375,0,1278.73
633,2-Feb,Chicago-MDW,Heating,0.335296737,0.40231424,0.55577939,-23.1875,-21.50442708,-5.97172619,7187.9375,0,677.03
635,2-Feb,Chicago-MDW,Heating,0.160902395,0.203593385,0.314789591,-23.1875,-21.50442708,-5.97172619,7187.9375,0,318.99
637,2-Feb,Chicago-MDW,Heating,0.262695035,0.320324033,0.455930642,-23.1875,-21.50442708,-5.97172619,7187.9375,0,14.58
639,2-Feb,Chicago-MDW,Heating,0.112906651,0.143050079,0.224270862,-23.1875,-21.50442708,-5.97172619,7187.9375,0,0
641,2-Jan,Chicago-MDW,Heating,0.371226945,0.48609347,0.62581287,4.854166667,2.6640625,-4.588541667,922.875,9.651041667,1278.73
643,2-Jan,Chicago-MDW,Heating,0.247821633,0.346666304,0.487766989,4.854166667,2.6640625,-4.588541667,922.875,9.651041667,677.03
645,2-Jan,Chicago-MDW,Heating,0.112875253,0.172573956,0.266912262,4.854166667,2.6640625,-4.588541667,922.875,9.651041667,318.99
647,2-Jan,Chicago-MDW,Heating,0.183367966,0.267231899,0.394635338,4.854166667,2.6640625,-4.588541667,922.875,9.651041667,14.58
649,2-Jan,Chicago-MDW,Heating,0.064874357,0.108988058,0.179031278,4.854166667,2.6640625,-4.588541667,922.875,9.651041667,0
651,2-Mar,Chicago-MDW,Heating,0.355920785,0.428896543,0.578731353,-4.365104167,-1.998697917,-1.211830357,9024.5,0.125,1278.73
653,2-Mar,Chicago-MDW,Heating,0.241579529,0.302610548,0.445880877,-4.365104167,-1.998697917,-1.211830357,9024.5,0.125,677.03
655,2-Mar,Chicago-MDW,Heating,0.118734312,0.158970832,0.260524806,-4.365104167,-1.998697917,-1.211830357,9024.5,0.125,318.99
657,2-Mar,Chicago-MDW,Heating,0.186564221,0.237659758,0.364317542,-4.365104167,-1.998697917,-1.211830357,9024.5,0.125,14.58
659,2-Mar,Chicago-MDW,Heating,0.066385275,0.091622164,0.17089352,-4.365104167,-1.998697917,-1.211830357,9024.5,0.125,0
661,30-Jan,Chicago-MDW,Heating,0.426691058,0.503390118,0.660088649,-15.17447917,-15.57760417,-15.8359375,3697.3125,4.677083333,1278.73
663,30-Jan,Chicago-MDW,Heating,0.30684772,0.374249555,0.530931989,-15.17447917,-15.57760417,-15.8359375,3697.3125,4.677083333,677.03
665,30-Jan,Chicago-MDW,Heating,0.163545932,0.200443232,0.305814338,-15.17447917,-15.57760417,-15.8359375,3697.3125,4.677083333,318.99
667,30-Jan,Chicago-MDW,Heating,0.243370341,0.299188243,0.439640999,-15.17447917,-15.57760417,-15.8359375,3697.3125,4.677083333,14.58
669,30-Jan,Chicago-MDW,Heating,0.113531675,0.14037258,0.219747973,-15.17447917,-15.57760417,-15.8359375,3697.3125,4.677083333,0
671,30-Mar,Chicago-MDW,Heating,0.403734425,0.50792434,0.50196286,3.636458333,9.077604167,13.44910714,1696.125,9.973958333,1278.73
673,30-Mar,Chicago-MDW,Heating,0.2818062,0.373255398,0.345932205,3.636458333,9.077604167,13.44910714,1696.125,9.973958333,677.03
675,30-Mar,Chicago-MDW,Heating,0.155611616,0.211337594,0.117579959,3.636458333,9.077604167,13.44910714,1696.125,9.973958333,318.99
677,30-Mar,Chicago-MDW,Heating,0.225315632,0.298229994,0.246054535,3.636458333,9.077604167,13.44910714,1696.125,9.973958333,14.58
679,30-Mar,Chicago-MDW,Heating,0.102000976,0.135568739,0.017350399,3.636458333,9.077604167,13.44910714,1696.125,9.973958333,0
681,31-Jan,Chicago-MDW,Heating,0.453175972,0.526279968,0.683328256,-15.98072917,-19.21223958,-13.0156994,5149.0625,2.489583333,1278.73
683,31-Jan,Chicago-MDW,Heating,0.323312487,0.390818257,0.553773531,-15.98072917,-19.21223958,-13.0156994,5149.0625,2.489583333,677.03
685,31-Jan,Chicago-MDW,Heating,0.157424523,0.198086366,0.316357224,-15.98072917,-19.21223958,-13.0156994,5149.0625,2.489583333,318.99
687,31-Jan,Chicago-MDW,Heating,0.252521323,0.310875293,0.458174931,-15.98072917,-19.21223958,-13.0156994,5149.0625,2.489583333,14.58
689,31-Jan,Chicago-MDW,Heating,0.109981863,0.139719177,0.228044069,-15.98072917,-19.21223958,-13.0156994,5149.0625,2.489583333,0
691,31-Mar,Chicago-MDW,Heating,0.400831598,0.396299524,0.428745843,14.51875,16.81041667,15.30119048,1651.6875,9.984375,1278.73
693,31-Mar,Chicago-MDW,Heating,0.291796556,0.271303319,0.259076235,14.51875,16.81041667,15.30119048,1651.6875,9.984375,677.03
695,31-Mar,Chicago-MDW,Heating,0.158436942,0.075073158,0.00768291,14.51875,16.81041667,15.30119048,1651.6875,9.984375,318.99
697,31-Mar,Chicago-MDW,Heating,0.224663671,0.171687809,0.149855618,14.51875,16.81041667,15.30119048,1651.6875,9.984375,14.58
699,31-Mar,Chicago-MDW,Heating,0.092592185,-0.005454456,-0.100213509,14.51875,16.81041667,15.30119048,1651.6875,9.984375,0
701,3-Feb,Chicago-MDW,Heating,0.460869092,0.539688817,0.673440467,-19.82135417,-14.74739583,-1.658258929,6634.125,0,1278.73
703,3-Feb,Chicago-MDW,Heating,0.331471085,0.404166881,0.543249279,-19.82135417,-14.74739583,-1.658258929,6634.125,0,677.03
705,3-Feb,Chicago-MDW,Heating,0.161311254,0.204580777,0.304266289,-19.82135417,-14.74739583,-1.658258929,6634.125,0,318.99
707,3-Feb,Chicago-MDW,Heating,0.259076797,0.31949433,0.441245429,-19.82135417,-14.74739583,-1.658258929,6634.125,0,14.58
709,3-Feb,Chicago-MDW,Heating,0.11236125,0.141691172,0.212754136,-19.82135417,-14.74739583,-1.658258929,6634.125,0,0
711,3-Jan,Chicago-MDW,Heating,0.468719278,0.507050584,0.637348539,0.473958333,-2.6953125,-6.034970238,374.625,9.958333333,1278.73
713,3-Jan,Chicago-MDW,Heating,0.332421634,0.369127333,0.500583252,0.473958333,-2.6953125,-6.034970238,374.625,9.958333333,677.03
715,3-Jan,Chicago-MDW,Heating,0.167921515,0.187084145,0.278393507,0.473958333,-2.6953125,-6.034970238,374.625,9.958333333,318.99
717,3-Jan,Chicago-MDW,Heating,0.258696272,0.289305375,0.407552467,0.473958333,-2.6953125,-6.034970238,374.625,9.958333333,14.58
719,3-Jan,Chicago-MDW,Heating,0.113310041,0.125117195,0.189621263,0.473958333,-2.6953125,-6.034970238,374.625,9.958333333,0
721,3-Mar,Chicago-MDW,Heating,0.369059247,0.449362555,0.600403428,0.367708333,0.840104167,0.05639881,3667,5.927083333,1278.73
723,3-Mar,Chicago-MDW,Heating,0.256354796,0.325164072,0.46745422,0.367708333,0.840104167,0.05639881,3667,5.927083333,677.03
725,3-Mar,Chicago-MDW,Heating,0.142065374,0.18481261,0.275924521,0.367708333,0.840104167,0.05639881,3667,5.927083333,318.99
727,3-Mar,Chicago-MDW,Heating,0.203092257,0.260403861,0.38335609,0.367708333,0.840104167,0.05639881,3667,5.927083333,14.58
729,3-Mar,Chicago-MDW,Heating,0.084638559,0.117204161,0.184552337,0.367708333,0.840104167,0.05639881,3667,5.927083333,0
731,4-Feb,Chicago-MDW,Heating,0.458397025,0.530434359,0.653991534,-9.6734375,-7.121875,1.356994048,7012.9375,1.083333333,1278.73
733,4-Feb,Chicago-MDW,Heating,0.328123625,0.394351077,0.520658876,-9.6734375,-7.121875,1.356994048,7012.9375,1.083333333,677.03
735,4-Feb,Chicago-MDW,Heating,0.156316178,0.202704464,0.287066906,-9.6734375,-7.121875,1.356994048,7012.9375,1.083333333,318.99
737,4-Feb,Chicago-MDW,Heating,0.252181909,0.30913591,0.418249611,-9.6734375,-7.121875,1.356994048,7012.9375,1.083333333,14.58
739,4-Feb,Chicago-MDW,Heating,0.105004161,0.137192199,0.196574564,-9.6734375,-7.121875,1.356994048,7012.9375,1.083333333,0
741,4-Jan,Chicago-MDW,Heating,0.41520441,0.508878554,0.642475301,-5.864583333,-10.3515625,-5.98735119,3731.25,8.28125,1278.73
743,4-Jan,Chicago-MDW,Heating,0.287286537,0.367751092,0.505932482,-5.864583333,-10.3515625,-5.98735119,3731.25,8.28125,677.03
745,4-Jan,Chicago-MDW,Heating,0.133612728,0.176178812,0.281597545,-5.864583333,-10.3515625,-5.98735119,3731.25,8.28125,318.99
747,4-Jan,Chicago-MDW,Heating,0.220278207,0.28772448,0.412131022,-5.864583333,-10.3515625,-5.98735119,3731.25,8.28125,14.58
749,4-Jan,Chicago-MDW,Heating,0.086908619,0.116003037,0.191449588,-5.864583333,-10.3515625,-5.98735119,3731.25,8.28125,0
751,4-Mar,Chicago-MDW,Heating,0.400769346,0.477668945,0.617956633,1.3125,1.300260417,1.500372024,1450.25,9.541666667,1278.73
753,4-Mar,Chicago-MDW,Heating,0.283465082,0.350634488,0.483198005,1.3125,1.300260417,1.500372024,1450.25,9.541666667,677.03
755,4-Mar,Chicago-MDW,Heating,0.159732663,0.202453646,0.279486028,1.3125,1.300260417,1.500372024,1450.25,9.541666667,318.99
757,4-Mar,Chicago-MDW,Heating,0.22626636,0.282706199,0.394481324,1.3125,1.300260417,1.500372024,1450.25,9.541666667,14.58
759,4-Mar,Chicago-MDW,Heating,0.108187061,0.139054107,0.18699566,1.3125,1.300260417,1.500372024,1450.25,9.541666667,0
761,5-Feb,Chicago-MDW,Heating,0.44550012,0.547485038,0.627187447,-4.5703125,-0.0015625,2.156547619,2762.8125,5.359375,1278.73
763,5-Feb,Chicago-MDW,Heating,0.320323062,0.414307973,0.493068954,-4.5703125,-0.0015625,2.156547619,2762.8125,5.359375,677.03
765,5-Feb,Chicago-MDW,Heating,0.170485516,0.227192485,0.27067047,-4.5703125,-0.0015625,2.156547619,2762.8125,5.359375,318.99
767,5-Feb,Chicago-MDW,Heating,0.251560924,0.328555875,0.39483066,-4.5703125,-0.0015625,2.156547619,2762.8125,5.359375,14.58
769,5-Feb,Chicago-MDW,Heating,0.115593628,0.158778822,0.18287955,-4.5703125,-0.0015625,2.156547619,2762.8125,5.359375,0
771,5-Jan,Chicago-MDW,Heating,0.47394551,0.536794714,0.6459844,-14.83854167,-12.16145833,-4.951785714,5974.375,0.125,1278.73
773,5-Jan,Chicago-MDW,Heating,0.333974056,0.394488142,0.510497997,-14.83854167,-12.16145833,-4.951785714,5974.375,0.125,677.03
775,5-Jan,Chicago-MDW,Heating,0.153330452,0.193412866,0.286634085,-14.83854167,-12.16145833,-4.951785714,5974.375,0.125,318.99
777,5-Jan,Chicago-MDW,Heating,0.258946034,0.31073687,0.415949557,-14.83854167,-12.16145833,-4.951785714,5974.375,0.125,14.58
779,5-Jan,Chicago-MDW,Heating,0.101222872,0.127574273,0.195242473,-14.83854167,-12.16145833,-4.951785714,5974.375,0.125,0
781,5-Mar,Chicago-MDW,Heating,0.417844264,0.494393929,0.624842698,1.288020833,0.56640625,3.267410714,1312.125,10,1278.73
783,5-Mar,Chicago-MDW,Heating,0.297222487,0.364592112,0.487155301,1.288020833,0.56640625,3.267410714,1312.125,10,677.03
785,5-Mar,Chicago-MDW,Heating,0.166102601,0.209692807,0.269981767,1.288020833,0.56640625,3.267410714,1312.125,10,318.99
787,5-Mar,Chicago-MDW,Heating,0.236774732,0.293704539,0.393226367,1.288020833,0.56640625,3.267410714,1312.125,10,14.58
789,5-Mar,Chicago-MDW,Heating,0.11503538,0.14599005,0.173826933,1.288020833,0.56640625,3.267410714,1312.125,10,0
791,6-Feb,Chicago-MDW,Heating,0.495971738,0.544537257,0.624276711,4.5671875,5.347135417,2.688764881,1060.75,9.692708333,1278.73
793,6-Feb,Chicago-MDW,Heating,0.364164564,0.40966394,0.485627198,4.5671875,5.347135417,2.688764881,1060.75,9.692708333,677.03
795,6-Feb,Chicago-MDW,Heating,0.190562531,0.213092176,0.261496329,4.5671875,5.347135417,2.688764881,1060.75,9.692708333,318.99
797,6-Feb,Chicago-MDW,Heating,0.283110801,0.31786516,0.387052905,4.5671875,5.347135417,2.688764881,1060.75,9.692708333,14.58
799,6-Feb,Chicago-MDW,Heating,0.137454662,0.149823409,0.173782003,4.5671875,5.347135417,2.688764881,1060.75,9.692708333,0
801,6-Jan,Chicago-MDW,Heating,0.43545935,0.495123518,0.62154637,-9.484375,-5.994791667,-2.944345238,5164,5.260416667,1278.73
803,6-Jan,Chicago-MDW,Heating,0.307033897,0.363007881,0.488492068,-9.484375,-5.994791667,-2.944345238,5164,5.260416667,677.03
805,6-Jan,Chicago-MDW,Heating,0.1495206,0.189621233,0.278014305,-9.484375,-5.994791667,-2.944345238,5164,5.260416667,318.99
807,6-Jan,Chicago-MDW,Heating,0.23786225,0.285504618,0.396499214,-9.484375,-5.994791667,-2.944345238,5164,5.260416667,14.58
809,6-Jan,Chicago-MDW,Heating,0.097117551,0.124408965,0.188390194,-9.484375,-5.994791667,-2.944345238,5164,5.260416667,0
811,6-Mar,Chicago-MDW,Heating,0.434438755,0.488025743,0.624783456,-0.155208333,-1.841145833,5.38764881,1137.125,9.765625,1278.73
813,6-Mar,Chicago-MDW,Heating,0.310207253,0.355287982,0.483079965,-0.155208333,-1.841145833,5.38764881,1137.125,9.765625,677.03
815,6-Mar,Chicago-MDW,Heating,0.17373528,0.190796323,0.251630906,-0.155208333,-1.841145833,5.38764881,1137.125,9.765625,318.99
817,6-Mar,Chicago-MDW,Heating,0.24702385,0.28172526,0.383565696,-0.155208333,-1.841145833,5.38764881,1137.125,9.765625,14.58
819,6-Mar,Chicago-MDW,Heating,0.120528364,0.12739488,0.150821318,-0.155208333,-1.841145833,5.38764881,1137.125,9.765625,0
821,7-Feb,Chicago-MDW,Heating,0.433219591,0.476088892,0.616479837,6.127083333,5.441666667,1.918080357,2930.1875,6.989583333,1278.73
823,7-Feb,Chicago-MDW,Heating,0.30462622,0.340505998,0.476794255,6.127083333,5.441666667,1.918080357,2930.1875,6.989583333,677.03
825,7-Feb,Chicago-MDW,Heating,0.142318872,0.161160641,0.25752829,6.127083333,5.441666667,1.918080357,2930.1875,6.989583333,318.99
827,7-Feb,Chicago-MDW,Heating,0.227670022,0.255797906,0.381045717,6.127083333,5.441666667,1.918080357,2930.1875,6.989583333,14.58
829,7-Feb,Chicago-MDW,Heating,0.091955988,0.095963508,0.168410972,6.127083333,5.441666667,1.918080357,2930.1875,6.989583333,0
831,7-Jan,Chicago-MDW,Heating,0.388516699,0.464500399,0.614730609,-2.505208333,-3.630208333,-1.810267857,2007.25,10,1278.73
833,7-Jan,Chicago-MDW,Heating,0.275560323,0.339104456,0.482358751,-2.505208333,-3.630208333,-1.810267857,2007.25,10,677.03
835,7-Jan,Chicago-MDW,Heating,0.148755851,0.180278378,0.276019837,-2.505208333,-3.630208333,-1.810267857,2007.25,10,318.99
837,7-Jan,Chicago-MDW,Heating,0.215816133,0.266688558,0.391515427,-2.505208333,-3.630208333,-1.810267857,2007.25,10,14.58
839,7-Jan,Chicago-MDW,Heating,0.099423446,0.12073701,0.187986833,-2.505208333,-3.630208333,-1.810267857,2007.25,10,0
841,7-Mar,Chicago-MDW,Heating,0.403542613,0.465248369,0.602793533,-3.527083333,-3.465364583,7.713392857,7694.25,4.223958333,1278.73
843,7-Mar,Chicago-MDW,Heating,0.276167265,0.330453347,0.455468086,-3.527083333,-3.465364583,7.713392857,7694.25,4.223958333,677.03
845,7-Mar,Chicago-MDW,Heating,0.126269527,0.161926485,0.210163505,-3.527083333,-3.465364583,7.713392857,7694.25,4.223958333,318.99
847,7-Mar,Chicago-MDW,Heating,0.210860671,0.257047396,0.350798414,-3.527083333,-3.465364583,7.713392857,7694.25,4.223958333,14.58
849,7-Mar,Chicago-MDW,Heating,0.077250004,0.098524091,0.106262626,-3.527083333,-3.465364583,7.713392857,7694.25,4.223958333,0
851,8-Feb,Chicago-MDW,Heating,0.373986907,0.462265574,0.615161305,4.75625,5.881510417,0.587425595,5309.25,3.244791667,1278.73
853,8-Feb,Chicago-MDW,Heating,0.253125882,0.325661911,0.477505246,4.75625,5.881510417,0.587425595,5309.25,3.244791667,677.03
855,8-Feb,Chicago-MDW,Heating,0.11726174,0.148764362,0.265450814,4.75625,5.881510417,0.587425595,5309.25,3.244791667,318.99
857,8-Feb,Chicago-MDW,Heating,0.187855627,0.243319604,0.385561169,4.75625,5.881510417,0.587425595,5309.25,3.244791667,14.58
859,8-Feb,Chicago-MDW,Heating,0.059838702,0.078739518,0.175694333,4.75625,5.881510417,0.587425595,5309.25,3.244791667,0
861,8-Jan,Chicago-MDW,Heating,0.415889008,0.486887914,0.614151615,-4.755208333,-5.013020833,-2.302083333,3426.875,9.708333333,1278.73
863,8-Jan,Chicago-MDW,Heating,0.290638831,0.354414823,0.47990257,-4.755208333,-5.013020833,-2.302083333,3426.875,9.708333333,677.03
865,8-Jan,Chicago-MDW,Heating,0.141062263,0.184431031,0.270726231,-4.755208333,-5.013020833,-2.302083333,3426.875,9.708333333,318.99
867,8-Jan,Chicago-MDW,Heating,0.224147098,0.278926339,0.38889783,-4.755208333,-5.013020833,-2.302083333,3426.875,9.708333333,14.58
869,8-Jan,Chicago-MDW,Heating,0.093926728,0.123343152,0.183352068,-4.755208333,-5.013020833,-2.302083333,3426.875,9.708333333,0
871,8-Mar,Chicago-MDW,Heating,0.386429166,0.488178235,0.561511801,-3.403645833,0.554427083,10.0796131,6131.75,3.15625,1278.73
873,8-Mar,Chicago-MDW,Heating,0.26610565,0.352611272,0.411499395,-3.403645833,0.554427083,10.0796131,6131.75,3.15625,677.03
875,8-Mar,Chicago-MDW,Heating,0.134308235,0.179403585,0.169783918,-3.403645833,0.554427083,10.0796131,6131.75,3.15625,318.99
877,8-Mar,Chicago-MDW,Heating,0.207380391,0.276418756,0.306487613,-3.403645833,0.554427083,10.0796131,6131.75,3.15625,14.58
879,8-Mar,Chicago-MDW,Heating,0.081554026,0.110578947,0.063450123,-3.403645833,0.554427083,10.0796131,6131.75,3.15625,0
881,9-Feb,Chicago-MDW,Heating,0.431165909,0.514740305,0.624520934,7.006770833,4.14609375,-0.774702381,4132.375,6.807291667,1278.73
883,9-Feb,Chicago-MDW,Heating,0.296713788,0.370974994,0.487734428,7.006770833,4.14609375,-0.774702381,4132.375,6.807291667,677.03
885,9-Feb,Chicago-MDW,Heating,0.126528289,0.175180761,0.274257655,7.006770833,4.14609375,-0.774702381,4132.375,6.807291667,318.99
887,9-Feb,Chicago-MDW,Heating,0.220929013,0.286016965,0.396771864,7.006770833,4.14609375,-0.774702381,4132.375,6.807291667,14.58
889,9-Feb,Chicago-MDW,Heating,0.068042995,0.108758061,0.185531721,7.006770833,4.14609375,-0.774702381,4132.375,6.807291667,0
891,9-Jan,Chicago-MDW,Heating,0.420008666,0.513601985,0.614952607,-5.270833333,-2.231770833,-2.073660714,2095.875,9.958333333,1278.73
893,9-Jan,Chicago-MDW,Heating,0.297730751,0.37967188,0.480642203,-5.270833333,-2.231770833,-2.073660714,2095.875,9.958333333,677.03
895,9-Jan,Chicago-MDW,Heating,0.156331525,0.204445092,0.272755583,-5.270833333,-2.231770833,-2.073660714,2095.875,9.958333333,318.99
897,9-Jan,Chicago-MDW,Heating,0.234229478,0.300999312,0.390017177,-5.270833333,-2.231770833,-2.073660714,2095.875,9.958333333,14.58
899,9-Jan,Chicago-MDW,Heating,0.105843153,0.138493463,0.184857566,-5.270833333,-2.231770833,-2.073660714,2095.875,9.958333333,0
901,9-Mar,Chicago-MDW,Heating,0.4581529,0.512714492,0.508460139,4.5125,7.494010417,12.08980655,3804.1875,6.59375,1278.73
903,9-Mar,Chicago-MDW,Heating,0.323299929,0.366625286,0.349547831,4.5125,7.494010417,12.08980655,3804.1875,6.59375,677.03
905,9-Mar,Chicago-MDW,Heating,0.153569306,0.16003084,0.104920693,4.5125,7.494010417,12.08980655,3804.1875,6.59375,318.99
907,9-Mar,Chicago-MDW,Heating,0.248284565,0.274760283,0.2418005,4.5125,7.494010417,12.08980655,3804.1875,6.59375,14.58
909,9-Mar,Chicago-MDW,Heating,0.096451024,0.087374103,-0.002802783,4.5125,7.494010417,12.08980655,3804.1875,6.59375,0
911,Extreme,Chicago-MDW,Heating,0.444236775,0.516802452,0.637793562,-7.225,-10.29791667,-15.49360119,927.25,8.072916667,1278.73
913,Extreme,Chicago-MDW,Heating,0.320108367,0.384601402,0.50905939,-7.225,-10.29791667,-15.49360119,927.25,8.072916667,677.03
915,Extreme,Chicago-MDW,Heating,0.173496314,0.209915371,0.300869771,-7.225,-10.29791667,-15.49360119,927.25,8.072916667,318.99
917,Extreme,Chicago-MDW,Heating,0.254547633,0.308625517,0.422806448,-7.225,-10.29791667,-15.49360119,927.25,8.072916667,14.58
919,Extreme,Chicago-MDW,Heating,0.125643111,0.150380517,0.218696036,-7.225,-10.29791667,-15.49360119,927.25,8.072916667,0
